id,name,published,outlet,title,authors,category,market,categoryorder,articleorder,url,description,text,image,error,sentiment,firstEyes,decision,reason,topic,relevance_score,irrelevance_score,category_score,category_margin,category_source,category_scores,market_evidence,input_sha256,duplicate_of
,International Maritime Organization,2026-09-27 11:33:32+00:00,www.adriaeco.eu,"Shipping, l'ammoniaca alla prova del mercato: l'IMO apre il confronto sul carburante del futuro",Not Available,Policy,International,,,https://www.adriaeco.eu/2026/09/27/shipping-lammoniaca-alla-prova-del-mercato-limo-apre-il-confronto-sul-carburante-del-futuro/,"A fare il punto è stata l'International Maritime Organization (IMO), che nella sede di Londra ha riunito esperti internazionali per un seminario ...",Not Available,,N,,2026-09-27 08:57:08.957437,review,uncertain_relevance;uncertain_category,Policy,0.3835052251815796,0.0011747407261282206,0.867977499961853,0.004441499710083008,zero_shot,"{""Policy"": 0.867977499961853, ""Other"": 0.86353600025177, ""Events"": 0.8027657270431519, ""Technology"": 0.7594728469848633, ""Research"": 0.543437123298645, ""Commentary"": 0.4710393249988556, ""Industry"": 0.43240663409233093, ""Infrastructure"": 0.3586362600326538, ""Policy - Opposition"": 0.3547160029411316}",title: explicit international scope,9243a4626838c99f2a41dac6c5164c8bb1e10d356917804b97389859147650de,
,International Maritime Organization,2026-09-27 11:22:01+00:00,www.adriaeco.eu,"Shipping, la nuova sfida è applicare le regole: l'IMO misura il divario tra norme e realtà",Not Available,Policy,International,,,https://www.adriaeco.eu/2026/09/27/shipping-la-nuova-sfida-e-applicare-le-regole-limo-misura-il-divario-tra-norme-e-realta/,"È intorno a questo passaggio che l'International Maritime Organization (IMO) ha costruito il World Maritime Day 2026, celebrato il 24 settembre ...",Not Available,,N,,2026-09-27 08:57:40.342249,review,uncertain_relevance,Policy,0.3219743072986603,0.00020722569024655968,0.9292508363723755,0.30576592683792114,zero_shot,"{""Policy"": 0.9292508363723755, ""Events"": 0.6234849095344543, ""Technology"": 0.44406113028526306, ""Infrastructure"": 0.35199832916259766, ""Commentary"": 0.29225194454193115, ""Other"": 0.2876540720462799, ""Industry"": 0.23714233934879303, ""Research"": 0.09295918792486191, ""Policy - Opposition"": 0.014729992486536503}",title: explicit international scope,4afeb8675048561ff518fd659709c089849a4b51fbc12ec462978457fe8a17cc,
,International Maritime Organization,2026-09-27 08:38:29+00:00,Seoul Economic Daily,"Busan Extends SMR Push to Sea, Seeks Special Zone Status - Seoul Economic Daily","Cho Won-jin, Busan - Cho Won-Jin",Policy,International,,,https://en.sedaily.com/society/2026/09/27/busan-extends-smr-push-to-sea-seeks-special-zone-status,"BUSAN — The city of Busan is extending the stage for its next-generation nuclear industry from land to sea.
Based on the findings, the city plans to launch a research project next year to draw up and secure a Busan-style SMR special zone plan.
It will also compete for a research and development special zone designation in line with the Ministry of Science and ICT's master plan for SMR system development.
Going forward, the city plans to pursue the special zone designation while expanding the related industrial base through the maritime SMR forum and council.
""We will pull together the region's industrial and research capabilities to win the special zone designation and gain an early foothold in the global supply chain.""","BUSAN — The city of Busan is extending the stage for its next-generation nuclear industry from land to sea. The plan is to develop maritime small modular reactors (SMRs) as a future growth industry while pursuing designation as an SMR special zone, building a hub for next-generation nuclear power that spans both onshore and offshore applications.

Busan is conducting a study on the feasibility of and strategy for an SMR special zone designation, in line with the SMR Special Act that was enacted in March and took effect on the 11th of this month, the city said on the 27th. Based on the findings, the city plans to launch a research project next year to draw up and secure a Busan-style SMR special zone plan. It will also compete for a research and development special zone designation in line with the Ministry of Science and ICT's master plan for SMR system development.

To set itself apart from other regions, Busan is considering positioning the zone as a base for demonstration and exports. Rather than concentrating on research or manufacturing, the city aims to link its existing nuclear industry base with port and shipbuilding infrastructure to create an industrial ecosystem running from demonstration through to exports.

Maritime SMRs are the centerpiece of the plan. The technology applies small reactors to floating nuclear plants and nuclear-powered vessels. It is drawing attention as a way to meet rising data center power demand driven by the spread of artificial intelligence, tighter carbon emissions rules from the International Maritime Organization (IMO) and the opening of Arctic shipping routes.

Busan hosts a cluster of port infrastructure including the Busan New Port, along with shipbuilding and marine industries and a supply chain for nuclear power equipment. To connect these assets to the maritime SMR industry, the city has held seminars on fostering maritime SMRs and meetings of a nuclear industry working group to gather views from experts and industry. It plans to form a maritime SMR forum and council to broaden cooperation among government, industry, academia and research institutes, together with the private sector.

Commercializing maritime SMRs is a medium- to long-term undertaking that will require technology development, safety verification and the establishment of international regulatory standards. ""Maritime SMRs should not be approached as a business to be commercialized in a short period,"" a Busan city official said. ""It is a medium- to long-term industry that requires technology development, safety verification, the establishment of international regulatory standards, and the securing of supply chains and manpower all at the same time.""

The city's existing nuclear industry base is also expanding into SMRs. Gijang County in Busan was selected as the site for the country's first i-SMR demonstration project. With the operation of the Kori nuclear power plant, the decommissioning of Kori Unit 1, a support center for manufacturing SMR auxiliary equipment and now a next-generation reactor demonstration, Busan has assembled a nuclear industry base covering operations, decommissioning, manufacturing and demonstration.

Going forward, the city plans to pursue the special zone designation while expanding the related industrial base through the maritime SMR forum and council. ""Maritime SMRs are a medium- to long-term national strategic industry for responding to carbon neutrality, the shift to eco-friendly vessels and the AI era,"" a city official said. ""We will pull together the region's industrial and research capabilities to win the special zone designation and gain an early foothold in the global supply chain.""",https://wimg.sedaily.com/news/cms/2026/09/27/news-p.v1.20260309.34f15fba07cc44d6bdb662c9f033f210_P1.jpg,N,,2026-09-27 08:57:45.077747,review,uncertain_category,Policy,0.8778225183486938,0.10424721986055374,0.9555931091308594,0.009221017360687256,zero_shot,"{""Policy"": 0.9555931091308594, ""Technology"": 0.9463720917701721, ""Other"": 0.9051047563552856, ""Infrastructure"": 0.8559601306915283, ""Commentary"": 0.6743090152740479, ""Events"": 0.4168923497200012, ""Industry"": 0.41398489475250244, ""Research"": 0.22269348800182343, ""Policy - Opposition"": 0.03617566451430321}",description: explicit international scope,177e6fa8276f6c990e86f1e1a75e9057abba54354e1d8fecba9d6f71a2f755ff,
,IMO & Shipping,2026-09-27 13:28:24+00:00,Hindustan Times,Trump boasted of stopping an 'obscure' UN agency's 'carbon tax': What the IMO plan for ...,Prakriti Deb,Policy,International,,,https://www.hindustantimes.com/ht-explainers/imo-united-nations-carbon-emissions-shipping-industry-plan-us-president-donald-trump-at-unga-what-the-plan-was-101790238857158.html,"He called it a “first-ever global carbon tax” that his administration had stepped in to stop.
It pairs mandatory emissions standards for ships with a global greenhouse gas pricing mechanism.
Also read: Himalayan glaciers melting 65% faster, black carbon to blame: Study IMO and the shipping industry The IMO is the UN’s specialised agency for regulating international shipping.
The organisation has worked on carbon emissions from ships for decades, and its member states first voted on a resolution to address carbon dioxide (CO2) emissions in 1997.
The Net-Zero Framework The IMO drew up the framework to turn its 2023 climate ambitions into binding rules for the industry.","US President Donald Trump used his address to the United Nations General Assembly earlier in the week to attack a plan by the International Maritime Organization (IMO) to cut greenhouse gas emissions from global shipping. He called it a “first-ever global carbon tax” that his administration had stepped in to stop.

“Last year, my administration was forced to intervene to stop an obscure UN body, the International Maritime Organization, from secretly establishing a first-ever global carbon tax – very expensive tax – to raise international shipping costs by 10 to 20%, and maybe even more than that,” Trump said. “There is no global government, and while I'm president, there will be no global taxes,” he claimed.

The IMO’s Net-Zero Framework (NZF) is not formally classified as a tax. It pairs mandatory emissions standards for ships with a global greenhouse gas pricing mechanism. Countries agreed to it in principle in April 2025, but opposition led by the US has delayed its formal adoption, and it remains under negotiation.

Also read: Himalayan glaciers melting 65% faster, black carbon to blame: Study

IMO and the shipping industry

The IMO is the UN’s specialised agency for regulating international shipping. The organisation has worked on carbon emissions from ships for decades, and its member states first voted on a resolution to address carbon dioxide (CO2) emissions in 1997.

In 2011, the IMO introduced the Energy Efficiency Design Index, which set mandatory efficiency standards for new ships. Member states adopted an initial greenhouse gas strategy in 2018. They followed it in 2023 with a more ambitious strategy, which calls for international shipping to reach net-zero greenhouse gas emissions “by or around 2050”, with interim targets for 2030 and 2040.

International shipping accounts for more than 2% of global emissions, according to the climate policy website Carbon Brief. It is not directly covered by the emissions targets of the Paris Agreement.

The Net-Zero Framework

The IMO drew up the framework to turn its 2023 climate ambitions into binding rules for the industry. The version its Marine Environment Protection Committee (MEPC) approved in April 2025 has two parts: a global fuel standard and an economic measure tied to greenhouse gas emissions.

The fuel standard would require ships to progressively cut their greenhouse gas fuel intensity, the amount of greenhouse gases they emit for each unit of energy they use.

Under the economic measure, ships that exceed specified emissions-intensity thresholds would have to acquire “remedial units” to cover the shortfall. Ships running on zero- or near-zero-emission technologies could instead become eligible for financial rewards. Ships with surplus compliance units could transfer them to other vessels or bank them for later use.

The rules would apply to large ocean-going ships above 5,000 gross tonnage, which the IMO says account for about 85% of CO2 emissions from international shipping.

Also read: Why carbon markets cannot close India’s nature-finance gap

Trump calls it a ‘carbon tax’

The IMO calls the proposal a “global pricing mechanism” and an “economic measure”, under which ships make payments linked to their emissions performance. Those payments could still add up to a substantial revenue stream, which Carbon Brief reported would flow into a proposed IMO Net-Zero Fund.

The framework sets two intensity targets each year, a stricter “direct compliance” target and a looser “base” target. A ship that meets the base target but misses the stricter one covers the gap with Tier 1 units. A ship that misses the base target must also buy the costlier Tier 2 units for its emissions above that line.

Carbon Brief reported prices of $100 per Tier 1 unit and $380 per Tier 2 unit. Each unit covers one tonne of CO2-equivalent.

The fund was estimated to raise about $10 billion to $15 billion a year in its early years. The money would support low-emission ships and the development of cleaner fuels, and pay for research, infrastructure, training and technology transfer.

The IMO said the fund would also help mitigate the effects of the transition on vulnerable countries, including small island developing states and least developed countries.

Also read: India knows where the rain falls, but still can't tell a village to run

The US hurdle

The US withdrew from the negotiations midway through the April 2025 meeting, but countries still agreed to the framework in principle. According to Carbon Brief, 63 countries voted in favour, including the European Union, China, India and Brazil. Saudi Arabia, Russia and the UAE were among those that voted against.

Formal adoption was expected in October 2025. The Trump administration strongly opposed the framework and lobbied against its adoption. The same month, US secretary of state Marco Rubio and Sean Duffy, then the transportation secretary, warned governments that backing the framework could bring sanctions, tariffs, additional port fees or visa restrictions for crews.

“This will be the first time that a UN organisation levies a global carbon tax on the world,” Rubio and Duffy wrote in a joint letter, adding: “We will fight hard to protect our economic interests by imposing costs on countries if they support the NZF.”

The extraordinary IMO meeting that followed ended without the agreement needed to formally adopt the framework. Countries voted to adjourn, pushing the decision into 2026.",https://www.hindustantimes.com/ht-img/img/2026/09/24/1600x900/logo/photo-1623233205034-c6f9918745d3_1790239148140_KM97_1790239158261_VVD7_b7dee081-5878-404c-a837-7ba90f97bbbb_jKE5.jpg,N,,2026-09-27 09:56:32.046951,review,uncertain_category,Policy,0.9689911603927612,0.04021785035729408,0.9945588111877441,0.08188396692276001,zero_shot,"{""Policy"": 0.9945588111877441, ""Other"": 0.9126748442649841, ""Policy - Opposition"": 0.7730510830879211, ""Events"": 0.7203119397163391, ""Technology"": 0.7196604609489441, ""Infrastructure"": 0.7046678066253662, ""Industry"": 0.570953905582428, ""Commentary"": 0.25978150963783264, ""Research"": 0.15058478713035583}",title: explicit international scope,3d1bf28f51b57f55468aa7eb6a5a1ae53aa4c56b0825d2f12b83464cc108f627,
,Maritime Transport,2026-09-27 06:19:10+00:00,Pratidin,"Rs 2,300 Crore E-Methanol Project Launched at Kandla, 3,500 Jobs Expected",PratidinTime National Desk,Infrastructure,India,,,https://www.pratidintime.com/national/rs-2300-crore-e-methanol-project-launched-at-kandla-3500-jobs-expected-12580142,"Assam Chief Minister Himanta Biswa Sarma, Gujarat Chief Minister Bhupendra Patel and Union Minister Sarbananda Sonowal on Friday laid the foundation stone for a Rs 2,300-crore e-methanol project at Kandla in Gujarat, marking a major industrial partnership between Assam and Gujarat.
The facility will come up at Kandla Port, one of India's major commercial ports on the western coast.
The Chief Minister expressed hope that similar green-fuel projects would come up at other major ports in the country, contributing to cleaner maritime transportation.
He noted that Assam is India's largest tea-producing state and Gujarat is among the major markets for Assam tea.
Union Minister Sarbananda Sonowal and Gujarat Chief Minister Bhupendra Patel attended the foundation stone-laying ceremony.","Assam Chief Minister Himanta Biswa Sarma, Gujarat Chief Minister Bhupendra Patel and Union Minister Sarbananda Sonowal on Friday laid the foundation stone for a Rs 2,300-crore e-methanol project at Kandla in Gujarat, marking a major industrial partnership between Assam and Gujarat.

The project is a joint initiative of Assam Petro-Chemicals Limited (APCL) and the Deendayal Port Authority. It will have a production capacity of 150 tonnes of e-methanol per day and is expected to generate more than 3,500 direct and indirect employment opportunities.

The facility will come up at Kandla Port, one of India's major commercial ports on the western coast. The e-methanol produced at the facility is expected to be used as marine fuel for ships operating from the port to international destinations.

The project is aimed at promoting cleaner fuel in the shipping sector and reducing dependence on imported fossil fuels. It is also expected to support efforts to reduce emissions from maritime transport.

Speaking at the foundation stone-laying ceremony, Chief Minister Himanta Biswa Sarma said Assam's participation in the project was a matter of pride for the state. He said the initiative would contribute to India's efforts to expand the use of green fuels.

CM Sarma referred to Prime Minister Narendra Modi's commitment to achieving net-zero carbon emissions by 2070 and said the country was moving towards greater use of clean energy.

He also highlighted Gujarat's role in the development of solar power, green hydrogen and other clean-energy initiatives.

Assam's Oil Legacy And Methanol Experience

CM Sarma pointed to Assam's long association with India's oil and petroleum industry while explaining the state's role in the new project.

He said Asia's first mechanically drilled oil well was established at Makum in Assam in 1867, while India's first oil refinery was commissioned at Digboi in 1901.

Assam also has experience in methanol production through Assam Petro-Chemicals Limited at Namrup, which has a production capacity of up to 500 tonnes per day, according to the state government.

Assam CM said APCL agreed to participate in the Kandla project after Union Minister Sarbananda Sonowal invited the Assam-based company to become a partner in the initiative.

The Chief Minister expressed hope that similar green-fuel projects would come up at other major ports in the country, contributing to cleaner maritime transportation.

Assam-Gujarat Industrial Partnership

CM Sarma also spoke about the historical and economic ties between Assam and Gujarat. He noted that Assam is India's largest tea-producing state and Gujarat is among the major markets for Assam tea.

He said senior Assam government officials had recently visited the Gujarat State Secretariat to study the state's development experience and institutional practices, with the aim of applying relevant lessons to Assam.

The Chief Minister also referred to recent industrial and technology-related developments in Assam and the Northeast, including semiconductor-related projects, as signs of a changing economic landscape in the region.

Union Minister Sarbananda Sonowal and Gujarat Chief Minister Bhupendra Patel attended the foundation stone-laying ceremony.

Gujarat Ministers of State Kantilal Amrutiya and Trikam Chhanga, Kachchh Lok Sabha MP Vinod Chavda, Gandhidham MLA Malti Ben Kishor Maheshwari, Naharkatia MLA and Political Secretary to the Chief Minister Taranga Gogoi, Deendayal Port Authority Chairman Sushil Kumar Singh and APCL Chairman Bikul Deka were also present.",https://img-cdn.publive.online/fit-in/1200x675/pratidin/media/media_files/2026/09/26/6d5b09e2-627b-4b78-abfb-84254a6a17a5-2026-09-26-21-13-31.jpg,N,,2026-09-27 11:56:48.451642,review,uncertain_category,Infrastructure,0.988669753074646,0.07978241890668869,0.9678575396537781,0.005355417728424072,zero_shot,"{""Infrastructure"": 0.9678575396537781, ""Technology"": 0.962502121925354, ""Policy"": 0.959220826625824, ""Industry"": 0.9259240031242371, ""Other"": 0.8945093750953674, ""Commentary"": 0.6782599687576294, ""Events"": 0.6179759502410889, ""Research"": 0.5811697244644165, ""Policy - Opposition"": 0.11178790032863617}",description: India,780474c4b88920bf74d4e6ff3a0f0a1f63b4a6e6de87ec866bc666e9f31f5ec7,
,Maritime Transport,2026-09-27 16:44:27+00:00,dailypioneer.com,Assam boosts industrial footprint with e-methanol project at Kandla | Daily Pioneer,Not Available,Policy,India,,,https://dailypioneer.com/news/assam-boosts-industrial-footprint-with-e-methanol-project-at-kandla,"The project is a joint initiative of Assam Petro-Chemicals Limited (APCL) and the Deendayal Port Authority.
Speaking on the occasion, Chief Minister Sarma said that the project would contribute significantly to India’s efforts to expand the use of green fuels.
The Chief Minister also highlighted the deep historical and contemporary ties between Assam and Gujarat.
He noted that Assam is India’s largest tea-producing State, while Gujarat is among the major markets for Assam tea.
Union Minister for Ports, Shipping and Waterways Sarbananda Sonowal and Gujarat Chief Minister Bhupendra Patel were present at the programme.","Strengthening Assam’s growing industrial presence at the national level, Chief Minister Himanta Biswa Sarma along with Gujarat Chief Minister Bhupendra Patel and Union Minister for Ports Shipping and Waterways Sarbananda Sonowal formally laid the foundation stone for a major e-methanol production project at Kandla in Gujarat at Kandla in Gujarat today.

The project is a joint initiative of Assam Petro-Chemicals Limited (APCL) and the Deendayal Port Authority.

With an investment of Rs 2,300 crore and a production capacity of 150 tonnes per day (TPD), the project is among the major e-methanol production initiatives in the country. It is expected to create more than 3,500 direct and indirect employment opportunities. To be established at Kandla Port, one of India’s major maritime commercial hubs on the western coast, the project is envisaged to promote the use of green fuel in the shipping sector, reduce dependence on imported fossil fuels and contribute to lowering emissions from maritime transport. The project also marks a significant expansion of Assam’s industrial footprint beyond the State and reflects the capabilities and growing role of Assam’s public sector enterprises in emerging areas of the national green economy.

Speaking on the occasion, Chief Minister Sarma said that the project would contribute significantly to India’s efforts to expand the use of green fuels. He recalled Prime Minister Narendra Modi’s commitment to achieving net-zero carbon emissions by 2070, announced at the United Nations Climate Change Conference in Glasgow in 2021.

The Chief Minister said that, in keeping with the Prime Minister’s vision, India has witnessed the emergence of a new movement towards green fuels and clean energy. He stated that Gujarat has emerged as a leading State in this transition through initiatives in solar power, green hydrogen and other forms of clean energy. Sarma said that the Prime Minister’s vision of accelerating the adoption of green fuels is gradually being translated into action across the country and that India is making significant strides in the development and adoption of clean energy technologies.

He said that it is heartening that the shipping sector is also being brought within the ambit of this green transition. In this context, the e-methanol project at Kandla assumes particular significance, as the methanol produced through the project is envisaged to be used as a marine fuel for ships operating from the port to international destinations.

Highlighting Assam’s historic contribution to India’s energy sector, Sarma said that the State has played a pioneering role in the country’s oil and petroleum industry. He pointed out that Asia’s first mechanically drilled oil well was established at Makum in Assam in 1867, while India’s first oil refinery was commissioned at Digboi in 1901.

He said that Assam continues to make an important contribution to the country’s oil and natural gas sector. and also possesses considerable experience in methanol production.

Assam Petro-Chemicals Limited at Namrup has a methanol production capacity of up to 500 tonnes per day, providing the State with valuable expertise in the sector. Stating the invitation extended by Union Minister Sarbananda Sonowal to Assam Petro-Chemicals Limited to participate as a partner in the Kandla e-methanol project, Dr. Sarma said that Assam readily accepted the opportunity, considering it a matter of pride for the State to contribute to one of the country’s major green-fuel initiatives.

He expressed hope that similar green-fuel projects would be developed at other major ports across the country in the coming years, further strengthening India’s transition towards cleaner and more sustainable maritime transportation. The Chief Minister also highlighted the deep historical and contemporary ties between Assam and Gujarat. Referring to the ancient connection associated with Lord Krishna and Rukmini, he said that the relationship between the two States has continued to grow in modern times as well. He noted that Assam is India’s largest tea-producing State, while Gujarat is among the major markets for Assam tea.

Dr. Sarma further informed that senior officials from Assam had recently visited the Gujarat State Secretariat to gain a deeper understanding of Gujarat’s development experience and institutional practices, with the objective of drawing lessons relevant to Assam’s own development journey. Reflecting on the transformation of Assam and the Northeast, the Chief Minister said that the region, once perceived as one of the deprived parts of the country, is witnessing a significant change in its development trajectory in recent years.

He pointed to the emergence of new industrial and technological initiatives, including semiconductor-related projects, as evidence of the changing economic landscape of Assam and the Northeast. Dr. Sarma said, “I would like to thank the people of Gujarat for giving India a Prime Minister whom the people of the Northeast had always been waiting for. Under the leadership of Prime Minister Narendra Modi, the transformation of Assam and the Northeast is progressing at full speed today.”

The Chief Minister expressed his gratitude to Gujarat Chief Minister Bhupendra Patel and Union Minister Sarbananda Sonowal for facilitating Assam’s participation in the landmark e-methanol project and for strengthening the industrial partnership between Assam and Gujarat.

Union Minister for Ports, Shipping and Waterways Sarbananda Sonowal and Gujarat Chief Minister Bhupendra Patel were present at the programme.

Gujarat Minister of State for Labour, Skill Development and Employment Kantilal Amrutiya, Minister of State for Higher and Technical Education Trikam Chhanga, Kachchh Lok Sabha MP Vinod Chavda, Gandhidham MLA Malti Ben Kishor Maheshwari, Naharkatia MLA and Political Secretary to the Chief Minister Taranga Gogoi, Chairman, Deendayal Port Authority, Sushil Kumar Singh, Chairman, Assam Petro-Chemicals Limited, Bikul Deka, and host of other dignitaries were present on the occasion.",https://dailypioneer.com/uploads/2026/story/images/big/assam-boosts-industrial-footprint-with-e-methanol-project-at-kandla-2026-09-27.jpg,N,,2026-09-27 14:56:28.008323,review,uncertain_category,Policy,0.766450822353363,0.00824583601206541,0.6108438372612,0.03070157766342163,zero_shot,"{""Policy"": 0.6108438372612, ""Infrastructure"": 0.5801422595977783, ""Technology"": 0.5502175688743591, ""Commentary"": 0.18791544437408447, ""Industry"": 0.16307218372821808, ""Events"": 0.13121677935123444, ""Research"": 0.09963219612836838, ""Other"": 0.09640688449144363, ""Policy - Opposition"": 0.015393140725791454}",description: India,2b9426c77e9ebb2a8254fdafe6412115159cad04b64685fb947d7c0b6909e4e1,
,Biofuels & Shipping,2026-09-27 21:03:39+00:00,www.hellenicshippingnews.com,B100 bunkering picks up in Rotterdam in 2026 – ENGINE data,Not Available,Infrastructure,EU,,,https://www.hellenicshippingnews.com/b100-bunkering-picks-up-in-rotterdam-in-2026-engine-data/,"The number of B100 samples ENGINE recorded in Rotterdam more than doubled in the first eight months of 2026 from a year earlier, lifting its share of the port’s biofuel samples to almost a quarter.
ENGINE recorded 77 B100 fuel quality samples in Rotterdam between January and August, up 126% from 34 in the same period last year.
In total, ENGINE had data for 342 biofuel samples in Rotterdam between January and August 2026, up from 275 in the same period of 2025.
The number of B100 samples in ENGINE’s data can therefore act as an indicator of how demand for the fuel is trending in Rotterdam.
ENGINE’s samples show 15 bunker suppliers selling biofuels in Rotterdam in the first eight months of 2026, up from 10 in the same period last year.","The number of B100 samples ENGINE recorded in Rotterdam more than doubled in the first eight months of 2026 from a year earlier, lifting its share of the port’s biofuel samples to almost a quarter.

ENGINE recorded 77 B100 fuel quality samples in Rotterdam between January and August, up 126% from 34 in the same period last year.

In total, ENGINE had data for 342 biofuel samples in Rotterdam between January and August 2026, up from 275 in the same period of 2025.

ENGINE’s sample data covers only part of Rotterdam’s biofuel bunker market. In the first half of 2026, suppliers in the Dutch port sold around 345,000 mt of what the Port of Rotterdam Authority classes as bio-blended fuel oils and distillates.

ENGINE’s samples for the same period cover around 135,000 mt, or 39%, of those sales. Some samples do not have a quantity recorded, so actual coverage is somewhat higher.

The port authority does not report B100 sales as a separate category, so no official B100 figures exist for the port. The number of B100 samples in ENGINE’s data can therefore act as an indicator of how demand for the fuel is trending in Rotterdam.

B100’s share of Rotterdam’s biofuel samples rose to 23% in the first eight months of 2026, from 12% in the same period of 2025.

Most other biofuel grades lost share. B30-VLSFO accounted for 28% of samples, down from 37%. B30-LSMGO’s share slipped from 22% to 20%, and B30-HSFO’s fell from 7% to 3%.

B30-ULSFO was the only other grade to gain share, rising from 22% to 27%.

Rotterdam is currently the largest bunker hub in the world by marine biofuel volumes. The port’s demand is supported by the Netherlands’ implementation of the EU’s RED III directive, which incentivises bunkering of biofuels, making them considerably cheaper in Rotterdam than in other European ports.

Under Dutch rules, bunker suppliers in the country’s ports can generate maritime emission reduction units, known as ZRE A tickets, by selling low-emission marine fuels such as biofuels made from advanced feedstocks listed in the directive, including palm oil mill effluent.

These ZRE A tickets can then be sold to suppliers of conventional fuels such as VLSFO or LSMGO, who need them to meet their own obligations.

The EU Emissions Trading System (EU ETS) and FuelEU Maritime add a further pull, as both reward shipowners for burning biofuel with lower carbon costs and smaller compliance penalties.

ENGINE’s samples show 15 bunker suppliers selling biofuels in Rotterdam in the first eight months of 2026, up from 10 in the same period last year. The number selling B100 rose from three to seven.",,N,,2026-09-27 17:57:13.739762,review,uncertain_relevance,Infrastructure,0.7482842803001404,0.24845799803733826,0.9562100172042847,0.10598891973495483,zero_shot,"{""Infrastructure"": 0.9562100172042847, ""Technology"": 0.8502210974693298, ""Policy"": 0.8196927309036255, ""Research"": 0.40143898129463196, ""Events"": 0.3931575417518616, ""Other"": 0.3546195328235626, ""Industry"": 0.33485668897628784, ""Commentary"": 0.20706941187381744, ""Policy - Opposition"": 0.05002559348940849}",title: EU,d9c83aa413abd8754c553df9d78fb6e7cf9b34e7d278fd0091340e8f9e11ec74,
,IMO & Shipping,2026-09-27 21:04:19+00:00,www.hellenicshippingnews.com,IMO targets alternative fuel spill response | Hellenic Shipping News Worldwide,Not Available,Policy,International,,,https://www.hellenicshippingnews.com/imo-targets-alternative-fuel-spill-response/,"Participants at an International Maritime Organization (IMO) forum have called for greater cooperation to address gaps in spill-response preparedness as shipping expands its use of alternative bunker fuels.
The IMO’s two-day research and development forum, held in Singapore on 21–22 September, examined how the different properties of LNG, LPG, methanol, ammonia, hydrogen and biofuels could affect marine pollution incidents and emergency response operations.
Participants stressed that spill-response measures need to keep up with the shift to alternative bunker fuels, and that procedures should be in place for each fuel before major incidents occur.
The participants also examined how the behaviour of each fuel in a spill could change the way responders handle an incident.
They called for closer cooperation between governments, industry and researchers to ensure that ongoing research and operational experience inform future spill-response protocols.","Participants at an International Maritime Organization (IMO) forum have called for greater cooperation to address gaps in spill-response preparedness as shipping expands its use of alternative bunker fuels.

The IMO’s two-day research and development forum, held in Singapore on 21–22 September, examined how the different properties of LNG, LPG, methanol, ammonia, hydrogen and biofuels could affect marine pollution incidents and emergency response operations.

Participants stressed that spill-response measures need to keep up with the shift to alternative bunker fuels, and that procedures should be in place for each fuel before major incidents occur.

The participants also examined how the behaviour of each fuel in a spill could change the way responders handle an incident.

They called for closer cooperation between governments, industry and researchers to ensure that ongoing research and operational experience inform future spill-response protocols.",,N,,2026-09-27 17:57:21.873126,review,uncertain_relevance,Policy,0.6467878222465515,0.0025321932043880224,0.9766098856925964,0.12034326791763306,zero_shot,"{""Policy"": 0.9766098856925964, ""Events"": 0.8562666177749634, ""Research"": 0.5840312242507935, ""Technology"": 0.5625869035720825, ""Other"": 0.5563822388648987, ""Infrastructure"": 0.4882005453109741, ""Industry"": 0.21548236906528473, ""Commentary"": 0.15679191052913666, ""Policy - Opposition"": 0.02407793328166008}",title: explicit international scope,c78df9c5829663102b7a84c7a8815e774792ee51cf71c07bb0d73686b4e63da2,
,Original Search,2026-09-27 21:44:33+00:00,The Maritime Executive,Study: Shipping is Off Track for 2030 Emissions Goals - The Maritime Executive,Not Available,Technology,International,,,https://maritime-executive.com/article/study-shipping-is-off-track-for-2030-emissions-goals,"The shipping industry will likely miss its 2030 targets for vessels running on alternative fuels, according to a new study from the UCL Energy Institute, mainly due to the regulatory uncertainties surrounding the IMO Net-Zero Framework (NZF).
The ultimate goal is to ensure the shipping industry becomes net-zero by 2050, and the 2030 target was conceived as an enabler to accelerate early progress.
The world has also witnessed sea trials of the first large ammonia-fueled vessels with two-stroke engines being successfully completed, as well as the building of smaller ammonia-fueled supply vessels and tugboats fitted with four-stroke engines.
For the industry, the controversies surrounding the NZF have become one of the major roadblocks towards the 2030 goals, with the U.S. being among its staunchest opponents.
The report reckons that with the NZF remaining in limbo, the policy clarity required for the 2030 goal is a major obstacle.","The shipping industry will likely miss its 2030 targets for vessels running on alternative fuels, according to a new study from the UCL Energy Institute, mainly due to the regulatory uncertainties surrounding the IMO Net-Zero Framework (NZF).

According to the fifth edition of 'Climate action in shipping: Progress towards shipping's 2030 breakthrough', the industry is highly unlikely to meet targets of having zero-emission fuels accounting for 5-10 percent of total fuel usage, the goal set in the 2023 IMO Greenhouse Gas Strategy. The ultimate goal is to ensure the shipping industry becomes net-zero by 2050, and the 2030 target was conceived as an enabler to accelerate early progress.

The 2030 targets meant that some 600-1,200 large ships with a capacity of at least 15,000 TEU (or equivalent) would be running on scalable zero-emissions fuels (SZEF). However, owing to headwinds like economic and political upheaval, the Strait of Hormuz crisis, energy security and supply chain concerns, and the regulatory uncertainty caused by the failure to adopt the NZF, the world is lagging behind on its alternative fuel goals. In 2025, the milestone of having roughly 100 15,000-TEU-equivalent ships running on SZEF was not met.

The UCL Energy Institute and the Getting to Zero Coalition report shows that while the world is falling behind on its goals, there have been notable achievements across the five key 'levers' being used to assess the industry's progress - namely technology and supply, demand, finance, policy, and civil society.

Supply of alternative fuels and technologies has, for instance, been progressing. The number of ports offering methanol bunkering now stands at 29, up from 19 a year ago. The world has also witnessed sea trials of the first large ammonia-fueled vessels with two-stroke engines being successfully completed, as well as the building of smaller ammonia-fueled supply vessels and tugboats fitted with four-stroke engines. The industry has also recorded its first ship-to-ship ammonia bunkering operation.

The report shows that the long-anticipated wave of methanol-capable container ship deliveries finally landed in 2025, tripling methanol-capable in-service tonnage from 2.3 million to 7.7 million gross tonnage (GT) and pushing the SZEF-capable share of the active fleet from 0.41 percent to 0.77 percent. This was the largest single-year capability gain on record, delivered through 56 newbuilds totaling 5.4 million GT. However, the order book regressed, with SZEF-capable orders falling from 9.5 percent to 5.7 percent of total GT orders.

On finance, the progress has been mixed: issuances of shipping-specific sustainable debt have plateaued. In 2025, approximately $3 billion was issued to shipping-related entities through green loans, green bonds, sustainability-linked loans, and transition instruments, down from $3.4 billion in 2024.

For the industry, the controversies surrounding the NZF have become one of the major roadblocks towards the 2030 goals, with the U.S. being among its staunchest opponents. The report reckons that with the NZF remaining in limbo, the policy clarity required for the 2030 goal is a major obstacle.

Stay on Top of the Daily Maritime News The maritime news

that matters most

Get the latest maritime news delivered to your inbox daily.

“The failure to adopt the NZF was the single most transition-regressive event we've seen in the five years this report has been running,” said Pinar Langer, research fellow at the UCL Energy Institute.

She added that reversing this momentum loss and securing regulatory certainty is one of the most important next steps to give shipowners the confidence to order zero-emission vessels, lenders the incentive to invest in them, and charterers the motivation to pay for low-carbon shipping.",https://maritime-executive.com/media/images/article/Photos/Vessels_Large/Alexandra-Maersk-methanol-engine.jpg,N,,2026-09-27 17:57:26.927513,review,uncertain_category,Technology,0.978621244430542,0.08379475027322769,0.9610903263092041,0.05543386936187744,zero_shot,"{""Technology"": 0.9610903263092041, ""Infrastructure"": 0.9056564569473267, ""Other"": 0.8935020565986633, ""Policy"": 0.8797795176506042, ""Commentary"": 0.6412893533706665, ""Events"": 0.5952478051185608, ""Industry"": 0.26394060254096985, ""Policy - Opposition"": 0.2629278898239136, ""Research"": 0.17434550821781158}",description: explicit international scope,151aa77413a6f63ead981642a37a2881c7718fe00176b9b2a714751456420d0d,
,TradeWinds News,2026-09-28 01:11:45+00:00,tradewindsnews.com,"Singapore could see ethanol bunkering in coming months, green fuels chief says",Huaqing Ma,Policy,Singapore,,,https://www.tradewindsnews.com/sustainability/singapore-could-see-ethanol-bunkering-in-coming-months-green-fuels-chief-says/2-1-2049936,"My Alerts is a service for subscribers.
Please login or subscribe in order to use My Alerts.",My Alerts is a service for subscribers. Please login or subscribe in order to use My Alerts.,https://image.dngroup.com/global/nhst/binary/254b2e24427e908ea26288fb500513a7?crop=1920%2C960%2Cx0%2Cy0%2Csafe&width=1200&format=webp&quality=80,N,,2026-09-27 21:56:32.716636,review,uncertain_relevance;uncertain_category,Policy,0.5155252814292908,0.0020836603362113237,0.7421034574508667,0.010166168212890625,zero_shot,"{""Policy"": 0.7421034574508667, ""Technology"": 0.7319372892379761, ""Infrastructure"": 0.7247765064239502, ""Industry"": 0.4986323416233063, ""Policy - Opposition"": 0.38195714354515076, ""Commentary"": 0.2817870080471039, ""Research"": 0.24676722288131714, ""Events"": 0.10347475856542587, ""Other"": 0.0904843881726265}",title: Singapore,812f0f617a163eeb630b1bda69b6238b769c5d4950de65078edea69570d68e0f,
,Original Search,2026-09-28 03:12:29+00:00,www.vietnam.vn,The legal framework for a green maritime economy - viewed from the amendment of the Law ...,,Policy,International,,,https://www.vietnam.vn/en/hanh-lang-phap-ly-cho-kinh-te-hang-hai-xanh-nhin-tu-sua-doi-luat-tai-nguyen-moi-truong-va-hai-dao,"Vietnam is a member of the IMO and is strongly committed to achieving net-zero emissions by 2050. Therefore, international conventions controlling ...",Not Available,,Y,,2026-09-28 01:56:51.841938,review,uncertain_relevance,Policy,0.6263263821601868,0.00016571811283938587,0.9476340413093567,0.3996061086654663,zero_shot,"{""Policy"": 0.9476340413093567, ""Commentary"": 0.5480279326438904, ""Infrastructure"": 0.3843134045600891, ""Other"": 0.3689853250980377, ""Industry"": 0.2928781509399414, ""Technology"": 0.25309813022613525, ""Events"": 0.2440326064825058, ""Research"": 0.10344439744949341, ""Policy - Opposition"": 0.02185027115046978}",description: explicit international scope,a418b195de44c5d162125a954b73cf1ec5a2c805af85b55c4a407d9fa3fe360e,
,Biofuels & Shipping,2026-09-28 05:50:01+00:00,Biofuels International Magazine,TEHA Group and Eni publish strategic study on renewable biofuels for Europe,Not Available,Research,EU,,,https://biofuels-news.com/news/teha-group-and-eni-publish-strategic-study-on-renewable-biofuels-for-europe/,"TEHA Group and Eni have presented a joint strategic study, Sustainable biofuels as a strategic lever for industrial competitiveness, energy security and decarbonisation, at the Cernobbio Forum.
The report argues that biofuels from renewable feedstocks — particularly HVO and SAF — offer an immediately available solution to cut transport emissions while strengthening Europe’s energy security and industrial base.
It warns that replacing one dependency with another in the energy transition could leave Europe exposed to new geopolitical risks, and calls for a more pragmatic, industrially focused policy framework.
Eni highlights its experience converting traditional refineries into biorefineries and deploying HVO across European road transport, demonstrating how innovation and existing skills can drive sustainable transformation.
The study positions biofuels as complementary to electrification, enabling rapid decarbonisation of existing vehicle fleets using current infrastructure, and supporting European competitiveness in advanced fuels technologies.","TEHA Group and Eni have presented a joint strategic study, Sustainable biofuels as a strategic lever for industrial competitiveness, energy security and decarbonisation, at the Cernobbio Forum.

The report argues that biofuels from renewable feedstocks — particularly HVO and SAF — offer an immediately available solution to cut transport emissions while strengthening Europe’s energy security and industrial base.

It warns that replacing one dependency with another in the energy transition could leave Europe exposed to new geopolitical risks, and calls for a more pragmatic, industrially focused policy framework.

Eni highlights its experience converting traditional refineries into biorefineries and deploying HVO across European road transport, demonstrating how innovation and existing skills can drive sustainable transformation.

The study positions biofuels as complementary to electrification, enabling rapid decarbonisation of existing vehicle fleets using current infrastructure, and supporting European competitiveness in advanced fuels technologies.",https://biofuels-news.com/wp-content/uploads/2026/09/TEHA-Group-and-ENI-pic-Biofuel-28-9-124602935.jpg,N,,2026-09-28 02:57:29.636612,review,uncertain_relevance;uncertain_category,Research,0.16936460137367249,0.007710724137723446,0.48488539457321167,0.09325727820396423,zero_shot,"{""Research"": 0.48488539457321167, ""Events"": 0.39162811636924744, ""Industry"": 0.2631226181983948, ""Commentary"": 0.2531530559062958, ""Policy"": 0.13838568329811096, ""Technology"": 0.1243065670132637, ""Infrastructure"": 0.09405569732189178, ""Policy - Opposition"": 0.0922541692852974, ""Other"": 0.06901396065950394}",title: EU,f9f904d4b857fb2ed1bb3649a906c9c56b3ae5131db253fe4d20f7218c296dc4,
,IMO & Shipping,2026-09-28 05:49:43+00:00,Ship & Bunker,IMO Forum Examines Pollution Response Challenges From Alternative Marine Fuels,Ship & Bunker News Team,Policy,International,,,https://shipandbunker.com/news/apac/615627-imo-forum-examines-pollution-response-challenges-from-alternative-marine-fuels,"The IMO’s Research and Development Forum has examined how the growing use of alternative marine fuels could change pollution-response requirements.
Held on September 21-22 in Singapore, the forum brought together regulators, scientists, industry representatives and emergency responders to discuss preparedness for incidents involving newer marine fuels.
Discussions focused on how the different properties of these fuels could affect spill behaviour and response strategies.
The forum included expert presentations, case studies, panel discussions and working sessions, allowing participants to share research and operational experience.
Participants also stressed the importance of using research findings, operational experience and international cooperation to develop response protocols for alternative fuels.","The IMO’s Research and Development Forum has examined how the growing use of alternative marine fuels could change pollution-response requirements.

Held on September 21-22 in Singapore, the forum brought together regulators, scientists, industry representatives and emergency responders to discuss preparedness for incidents involving newer marine fuels.

Hosted by Maritime and Port Authority of Singapore, with support from China, the event covered LNG, LPG, methanol, ammonia, hydrogen, biofuels and e-fuels.

Discussions focused on how the different properties of these fuels could affect spill behaviour and response strategies.

Participants also looked at spill modelling, risk assessment, emergency response, post-spill actions and international cooperation.

The forum included expert presentations, case studies, panel discussions and working sessions, allowing participants to share research and operational experience.

A key theme was the need for closer cooperation between governments, industry, academia and the scientific community to address knowledge gaps and improve preparedness before major incidents occur.

Participants also stressed the importance of using research findings, operational experience and international cooperation to develop response protocols for alternative fuels.",https://shipandbunker.cdn.speedyrails.net/a/img/_mt_9e1007529108d03b668133604188c936.jpg,N,,2026-09-28 03:56:48.466895,review,uncertain_relevance;uncertain_category,Policy,0.42612990736961365,0.0019108769483864307,0.9549607038497925,0.07153332233428955,zero_shot,"{""Policy"": 0.9549607038497925, ""Events"": 0.8834273815155029, ""Research"": 0.3971903622150421, ""Technology"": 0.3724135160446167, ""Other"": 0.27098190784454346, ""Infrastructure"": 0.18564769625663757, ""Commentary"": 0.06405875086784363, ""Industry"": 0.04041147604584694, ""Policy - Opposition"": 0.017880873754620552}",title: explicit international scope,c49554299a402d89b5f813d7f584bce30d1bedcf4c0117b279973c6a9738a9fd,
,Shipping Industry,2026-09-28 06:29:20+00:00,www.thesakala.in,ଜାଣନ୍ତୁ କ'ଣ ଥିଲା ସିପିଂ ଇଣ୍ଡଷ୍ଟ୍ରି ପାଇଁ ଆଇଏମଓ(IMO)ର ...,Suryakanta,Commentary,International,,,https://www.thesakala.in/national-international/imo-united-nations-carbon-tax-shipping-industry-donald-trump/article-49302?amp=amp,"By Suryakanta ଆମେରିକା ରାଷ୍ଟ୍ରପତି ଡୋନାଲ୍ଡ ଟ୍ରମ୍ପ ଜାତିସଂଘ ସାଧାରଣ ପରିଷଦ (UNGA) ରେ ନିଜର ଅଭିଭାଷଣ ସମୟରେ ଆନ୍ତର୍ଜାତୀୟ ସାମୁଦ୍ରିକ ସଂଗଠନ (IMO) ର ଏକ ଯୋଜନା ଉପରେ ବର୍ଷିଛନ୍ତି। ବିଶ୍ୱବ୍ୟାପୀ ସିପିଂ ବା ଜାହାଜ ଚଳାଚଳ କ୍ଷେତ୍ରରୁ ଗ୍ରୀନହାଉସ୍ ଗ୍ୟାସ୍ ନିର୍ଗମନ ହ୍ରାସ କରିବାକୁ ପ୍ରସ୍ତୁତ ହୋଇଥିବା ଏହି ଯୋଜନାକୁ ସେ ""ପ୍ରଥମ ବିଶ୍ୱସ୍ତରୀୟ କାର୍ବନ ଟ୍ୟାକ୍ସ"" ବୋଲି ଅଭିହିତ କରିଛନ୍ତି। ଏହା ସହିତ ତାଙ୍କ ପ୍ରଶାସନ ହସ୍ତକ୍ଷେପ କରି ଏହାକୁ ବନ୍ଦ କରିବାରେ ସଫଳ ହୋଇଥିଲା ବୋଲି ସେ ଦାବି କରିଛନ୍ତି। ଟ୍ରମ୍ପଙ୍କ 'କାର୍ବନ ଟ୍ୟାକ୍ସ' ଦାବି ଟ୍ରମ୍ପ କହିଛନ୍ତି ଯେ, ଗତବର୍ଷ ଏକ ଅପରିଚିତ ଜାତିସଂଘ ସଂସ୍ଥାକୁ ଗୋପନରେ ବିଶ୍ୱର ପ୍ରଥମ କାର୍ବନ ଟ୍ୟାକ୍ସ ଲାଗୁ କରିବାରୁ ରୋକିବା ପାଇଁ ତାଙ୍କ ପ୍ରଶାସନ ହସ୍ତକ୍ଷେପ କରିବାକୁ ବାଧ୍ୟ ହୋଇଥିଲା। ତାଙ୍କ ମତରେ ଏହି ଟିକସ ଲାଗୁ ହୋଇଥିଲେ ଆନ୍ତର୍ଜାତୀୟ ସିପିଂ ଖର୍ଚ୍ଚ ୧୦ ରୁ ୨୦ ପ୍ରତିଶତ କିମ୍ବା ତା'ଠାରୁ ଅଧିକ ବୃଦ୍ଧି ପାଇଥାନ୍ତା। ସେ ସ୍ପଷ୍ଟ କରିଛନ୍ତି ଯେ, ""କୌଣସି ବିଶ୍ୱ ସରକାର ନାହିଁ, ଏବଂ ମୁଁ ରାଷ୍ଟ୍ରପତି ଥିବା ପର୍ଯ୍ୟନ୍ତ କୌଣସି ବିଶ୍ୱସ୍ତରୀୟ ଟିକସ ଲାଗୁ ହେବ ନାହିଁ।"" ଆଇଏମଓ (IMO) ର ଯୋଜନା କ'ଣ ଥିଲା?
ପ୍ରକୃତରେ ଆଇଏମଓ ର 'ନେଟ୍-ଜିରୋ ଫ୍ରେମୱାର୍କ' କୁ ଆନୁଷ୍ଠାନିକ ଭାବରେ ଟିକସ ବୋଲି ବର୍ଗୀକୃତ କରାଯାଇନାହିଁ। ଏହାକୁ ଏକ 'ଗ୍ଲୋବାଲ୍ ପ୍ରାଇସିଂ ମେକାନିଜମ୍' କିମ୍ବା 'ଅର୍ଥନୈତିକ ପଦକ୍ଷେପ' ବୋଲି କୁହାଯାଇଛି। ଏହି ବ୍ୟବସ୍ଥା ଅଧୀନରେ ଜାହାଜଗୁଡ଼ିକ ସେମାନଙ୍କ ନିର୍ଗମନ ପ୍ରଦର୍ଶନ ଆଧାରରେ ଦେୟ ପ୍ରଦାନ କରିବେ। ଏହି ଅର୍ଥ ଏକ ପ୍ରସ୍ତାବିତ IMO ନେଟ୍-ଜିରୋ ପାଣ୍ଠି କୁ ଯିବାର ବ୍ୟବସ୍ଥା ଥିଲା। ୨୦୨୫ ଏପ୍ରିଲ୍ ରେ ବିଭିନ୍ନ ଦେଶ ଏହି ଯୋଜନାକୁ ନୀତିଗତ ଭାବେ ସମ୍ମତି ଦେଇଥିଲେ ମଧ୍ୟ ଆମେରିକାର ବିରୋଧ କାରଣରୁ ଏହା ସ୍ଥଗିତ ହୋଇଯାଇଥିଲା ଏବଂ ଆସନ୍ତା ଡିସେମ୍ବର ମାସରେ ଏହା ଉପରେ ପୁଣିଥରେ ଆଲୋଚନା ଆରମ୍ଭ ହେବ। ନିୟମ ଓ ପରିବେଶ ଉପରେ ପ୍ରଭାବ ଏହି ଯୋଜନାରେ ନିର୍ଦ୍ଧାରିତ ମାତ୍ରାଠାରୁ ଅଧିକ ଗ୍ରୀନହାଉସ୍ ଗ୍ୟାସ୍ ନିର୍ଗମନ କରୁଥିବା ଜାହାଜଗୁଡ଼ିକୁ କ୍ଷତିପୂରଣ ଦେବାକୁ ପଡ଼ିବ, ଯେତେବେଳେ କି ଶୂନ୍ୟ ନିର୍ଗମନ ଜ୍ଞାନକୌଶଳ ବ୍ୟବହାର କରୁଥିବା ଜାହାଜଗୁଡ଼ିକୁ ଆର୍ଥିକ ପୁରସ୍କାର ମିଳିବ। ଏହି ନିୟମଗୁଡ଼ିକ ମୁଖ୍ୟତଃ ୫,୦୦୦ ଗ୍ରସ୍ ଟନ୍ ରୁ ଅଧିକ ଓଜନର ବୃହତ୍ ସାମୁଦ୍ରିକ ଜାହାଜଗୁଡ଼ିକ ଉପରେ ଲାଗୁ ହେବାର ଥିଲା, ଯାହାକି ଆନ୍ତର୍ଜାତୀୟ ସିପିଂରେ ମୋଟ କାର୍ବନ ନିର୍ଗମନର ୮୫ ପ୍ରତିଶତ ପାଇଁ ଦାୟୀ। ସୂଚନାଯୋଗ୍ୟ ଯେ, ବିଶ୍ୱବ୍ୟାପୀ ମୋଟ ଗ୍ରୀନହାଉସ୍ ନିର୍ଗମନର ୨ ପ୍ରତିଶତ କେବଳ ଆନ୍ତର୍ଜାତୀୟ ସିପିଂ କ୍ଷେତ୍ରରୁ ଆସିଥାଏ। ତେଣୁ, ୨୦୫୦ ସୁଦ୍ଧା ସିପିଂ ଶିଳ୍ପକୁ 'ନେଟ୍-ଜିରୋ' ନିର୍ଗମନ ଲକ୍ଷ୍ୟରେ ପହଞ୍ଚାଇବା ପାଇଁ IMO ଏହି ମହତ୍ତ୍ୱାକାଂକ୍ଷୀ ପଦକ୍ଷେପ ଗ୍ରହଣ କରିଥିଲା। About The Author: Suryakanta","By Suryakanta

ଆମେରିକା ରାଷ୍ଟ୍ରପତି ଡୋନାଲ୍ଡ ଟ୍ରମ୍ପ ଜାତିସଂଘ ସାଧାରଣ ପରିଷଦ (UNGA) ରେ ନିଜର ଅଭିଭାଷଣ ସମୟରେ ଆନ୍ତର୍ଜାତୀୟ ସାମୁଦ୍ରିକ ସଂଗଠନ (IMO) ର ଏକ ଯୋଜନା ଉପରେ ବର୍ଷିଛନ୍ତି। ବିଶ୍ୱବ୍ୟାପୀ ସିପିଂ ବା ଜାହାଜ ଚଳାଚଳ କ୍ଷେତ୍ରରୁ ଗ୍ରୀନହାଉସ୍ ଗ୍ୟାସ୍ ନିର୍ଗମନ ହ୍ରାସ କରିବାକୁ ପ୍ରସ୍ତୁତ ହୋଇଥିବା ଏହି ଯୋଜନାକୁ ସେ ""ପ୍ରଥମ ବିଶ୍ୱସ୍ତରୀୟ କାର୍ବନ ଟ୍ୟାକ୍ସ"" ବୋଲି ଅଭିହିତ କରିଛନ୍ତି। ଏହା ସହିତ ତାଙ୍କ ପ୍ରଶାସନ ହସ୍ତକ୍ଷେପ କରି ଏହାକୁ ବନ୍ଦ କରିବାରେ ସଫଳ ହୋଇଥିଲା ବୋଲି ସେ ଦାବି କରିଛନ୍ତି।

ଟ୍ରମ୍ପଙ୍କ 'କାର୍ବନ ଟ୍ୟାକ୍ସ' ଦାବି

ଟ୍ରମ୍ପ କହିଛନ୍ତି ଯେ, ଗତବର୍ଷ ଏକ ଅପରିଚିତ ଜାତିସଂଘ ସଂସ୍ଥାକୁ ଗୋପନରେ ବିଶ୍ୱର ପ୍ରଥମ କାର୍ବନ ଟ୍ୟାକ୍ସ ଲାଗୁ କରିବାରୁ ରୋକିବା ପାଇଁ ତାଙ୍କ ପ୍ରଶାସନ ହସ୍ତକ୍ଷେପ କରିବାକୁ ବାଧ୍ୟ ହୋଇଥିଲା। ତାଙ୍କ ମତରେ ଏହି ଟିକସ ଲାଗୁ ହୋଇଥିଲେ ଆନ୍ତର୍ଜାତୀୟ ସିପିଂ ଖର୍ଚ୍ଚ ୧୦ ରୁ ୨୦ ପ୍ରତିଶତ କିମ୍ବା ତା'ଠାରୁ ଅଧିକ ବୃଦ୍ଧି ପାଇଥାନ୍ତା। ସେ ସ୍ପଷ୍ଟ କରିଛନ୍ତି ଯେ, ""କୌଣସି ବିଶ୍ୱ ସରକାର ନାହିଁ, ଏବଂ ମୁଁ ରାଷ୍ଟ୍ରପତି ଥିବା ପର୍ଯ୍ୟନ୍ତ କୌଣସି ବିଶ୍ୱସ୍ତରୀୟ ଟିକସ ଲାଗୁ ହେବ ନାହିଁ।""

ଆଇଏମଓ (IMO) ର ଯୋଜନା କ'ଣ ଥିଲା?

ପ୍ରକୃତରେ ଆଇଏମଓ ର 'ନେଟ୍-ଜିରୋ ଫ୍ରେମୱାର୍କ' କୁ ଆନୁଷ୍ଠାନିକ ଭାବରେ ଟିକସ ବୋଲି ବର୍ଗୀକୃତ କରାଯାଇନାହିଁ। ଏହାକୁ ଏକ 'ଗ୍ଲୋବାଲ୍ ପ୍ରାଇସିଂ ମେକାନିଜମ୍' କିମ୍ବା 'ଅର୍ଥନୈତିକ ପଦକ୍ଷେପ' ବୋଲି କୁହାଯାଇଛି। ଏହି ବ୍ୟବସ୍ଥା ଅଧୀନରେ ଜାହାଜଗୁଡ଼ିକ ସେମାନଙ୍କ ନିର୍ଗମନ ପ୍ରଦର୍ଶନ ଆଧାରରେ ଦେୟ ପ୍ରଦାନ କରିବେ। ଏହି ଅର୍ଥ ଏକ ପ୍ରସ୍ତାବିତ IMO ନେଟ୍-ଜିରୋ ପାଣ୍ଠି କୁ ଯିବାର ବ୍ୟବସ୍ଥା ଥିଲା। ୨୦୨୫ ଏପ୍ରିଲ୍ ରେ ବିଭିନ୍ନ ଦେଶ ଏହି ଯୋଜନାକୁ ନୀତିଗତ ଭାବେ ସମ୍ମତି ଦେଇଥିଲେ ମଧ୍ୟ ଆମେରିକାର ବିରୋଧ କାରଣରୁ ଏହା ସ୍ଥଗିତ ହୋଇଯାଇଥିଲା ଏବଂ ଆସନ୍ତା ଡିସେମ୍ବର ମାସରେ ଏହା ଉପରେ ପୁଣିଥରେ ଆଲୋଚନା ଆରମ୍ଭ ହେବ।

ନିୟମ ଓ ପରିବେଶ ଉପରେ ପ୍ରଭାବ

ଏହି ଯୋଜନାରେ ନିର୍ଦ୍ଧାରିତ ମାତ୍ରାଠାରୁ ଅଧିକ ଗ୍ରୀନହାଉସ୍ ଗ୍ୟାସ୍ ନିର୍ଗମନ କରୁଥିବା ଜାହାଜଗୁଡ଼ିକୁ କ୍ଷତିପୂରଣ ଦେବାକୁ ପଡ଼ିବ, ଯେତେବେଳେ କି ଶୂନ୍ୟ ନିର୍ଗମନ ଜ୍ଞାନକୌଶଳ ବ୍ୟବହାର କରୁଥିବା ଜାହାଜଗୁଡ଼ିକୁ ଆର୍ଥିକ ପୁରସ୍କାର ମିଳିବ। ଏହି ନିୟମଗୁଡ଼ିକ ମୁଖ୍ୟତଃ ୫,୦୦୦ ଗ୍ରସ୍ ଟନ୍ ରୁ ଅଧିକ ଓଜନର ବୃହତ୍ ସାମୁଦ୍ରିକ ଜାହାଜଗୁଡ଼ିକ ଉପରେ ଲାଗୁ ହେବାର ଥିଲା, ଯାହାକି ଆନ୍ତର୍ଜାତୀୟ ସିପିଂରେ ମୋଟ କାର୍ବନ ନିର୍ଗମନର ୮୫ ପ୍ରତିଶତ ପାଇଁ ଦାୟୀ। ସୂଚନାଯୋଗ୍ୟ ଯେ, ବିଶ୍ୱବ୍ୟାପୀ ମୋଟ ଗ୍ରୀନହାଉସ୍ ନିର୍ଗମନର ୨ ପ୍ରତିଶତ କେବଳ ଆନ୍ତର୍ଜାତୀୟ ସିପିଂ କ୍ଷେତ୍ରରୁ ଆସିଥାଏ। ତେଣୁ, ୨୦୫୦ ସୁଦ୍ଧା ସିପିଂ ଶିଳ୍ପକୁ 'ନେଟ୍-ଜିରୋ' ନିର୍ଗମନ ଲକ୍ଷ୍ୟରେ ପହଞ୍ଚାଇବା ପାଇଁ IMO ଏହି ମହତ୍ତ୍ୱାକାଂକ୍ଷୀ ପଦକ୍ଷେପ ଗ୍ରହଣ କରିଥିଲା।

About The Author: Suryakanta",https://www.thesakala.in/media-webp/c600x315/2026-09/imo-united-nations-carbon-tax-shipping-industry-donald-trump.jpg,N,,2026-09-28 04:57:09.337561,review,uncertain_category,Commentary,0.931903600692749,0.7188985347747803,0.9856336116790771,0.003984570503234863,zero_shot,"{""Commentary"": 0.9856336116790771, ""Policy - Opposition"": 0.9816490411758423, ""Other"": 0.9814328551292419, ""Policy"": 0.977619469165802, ""Industry"": 0.968512773513794, ""Research"": 0.9673471450805664, ""Technology"": 0.9596299529075623, ""Events"": 0.9588248133659363, ""Infrastructure"": 0.8748751282691956}",title: explicit international scope,bf6cf2f8283996a6df41d5da8cf709cd55f7a554991e563bb325d24f330be3db,
