id,name,published,outlet,title,authors,category,market,categoryorder,articleorder,url,description,text,image,error,sentiment,firstEyes
,Access to Justice,2026-10-02 15:05:49+00:00,Law.com,"People in the News—Oct. 2, 2026—Barley Snyder, Cohen Seglias | Law.com",,,,,,https://www.law.com/thelegalintelligencer/2026/10/02/people-in-the-newsoct-2-2026barley-snyder-cohen-seglias-/,"Barley Snyder shared that partner Jeff Lobach received the Lifetime Advocate Award from the Pennsylvania Immigration Resource Center (PIRC) in recognition of his role in the organization's founding, his efforts to help build PIRC and his continued support of immigrant access to justice.",,https://images.law.com/brightspot/3c/aa/b5f2b0dd4f50abe0599122fb9ad4/jeff-lobach-jpg767x505.jpg,,,2026-10-02 11:22:15.357810
,Access to Justice,2026-10-02 14:35:14+00:00,ABA Journal,"Melissa Hart, the chair of the ABA Legal Ed council, dies",,,,,,https://www.abajournal.com/news/article/melissa-hart-legal-ed-council-chair-dies,"Melissa Hart, the chair of the council of the ABA Section of Legal Education and Admissions to the Bar, <a href=",,https://www.abajournal.com/images/main_images/Melissa_Hart_photo_courtesy_JAG.JPEG,,,2026-10-02 11:22:15.357810
,Affordability Crisis,2026-10-02 14:05:41+00:00,VPM: Virginia's Home for Public Media,"8th District Q&A: Don Beyer, Tony Sabio, Tim Sharman - VPM",,,,,,https://www.vpm.org/elections/2026-10-02/va08-beyer-sabio-sharman-candidate-survey/,Read what the candidates for Virginia's 8th Congressional District had to say.,,https://www.vpm.org/wp-content/uploads/2026/10/20261001_va08_beyer_sabio_sharman_composite.jpg,,,2026-10-02 11:22:15.357810
,Affordability Crisis,2026-10-02 13:54:30+00:00,www.capecodtimes.com,"Hyannis timeshare to become workforce housing, with units open this fall - Cape Cod Times",,,,,,https://www.capecodtimes.com/story/news/local/cape-cod/2026/10/02/cape-cod-housing-hyannis-timeshare-cape-winds-resort/91921187007/,The property was bought for $3.7 million to address the housing affordability crisis for local workers. The apartments will be offered first to ...,,,,,2026-10-02 11:22:15.357810
,Access to Justice,2026-10-02 13:27:41+00:00,masslawyersweekly.com,"Lawyers, law student to receive Adams Pro Bono Publico Awards",,,,,,https://masslawyersweekly.com/2026/10/02/lawyers-law-student-to-receive-adams-pro-bono-publico-awards/,"Peter L. Ebb, a retired Ropes & Gray partner and Access to Justice Fellow, who devoted over 1,300 pro bono hours in the past year to supporting ...",,,,,2026-10-02 10:18:11.165182
,Access to Justice,2026-10-02 12:59:53+00:00,www.hunton.com,Justice Allies Names Mark Wickersham Recipient of 2026 George H. Hettrick Pro Bono Leadership Award,,,,,,https://www.hunton.com/news/justice-allies-names-mark-wickersham-recipient-of-2026-george-h-hettrick-pro-bono-leadership-award,"Earlier this year, the Virginia Access to Justice Commission named Wickersham a 2026 Pro Bono Service Champion. Wickersham advises public and ...",,https://www.hunton.com/assets/images-t1790949636/208180.png,,,2026-10-02 10:18:11.165182
,Affordability Crisis,2026-10-02 12:19:50+00:00,The Richmonder,Richmond picks developer to convert city-owned parking lot in Shockoe into mixed-income housing,,,,,,https://www.richmonder.org/richmond-picks-developer-to-convert-city-owned-parking-lot-in-shockoe-into-mixed-income-housing/,The city release said construction could begin as early as August 2027.,,https://storage.ghost.io/c/99/06/99067822-fdfd-42b1-ab19-555c33eefb89/content/images/size/w1200/2026/10/Screenshot-2026-06-28-at-1.24.01---PM.png,,,2026-10-02 11:22:15.357810
,Access to Justice,2026-10-02 12:12:12+00:00,www.bizjournals.com,Law firms face 12-month deadline to prove AI competency or risk losing major clients,,,,,,https://www.bizjournals.com/phoenix/news/2026/10/02/arizona-law-schools-adopt-ai-training.html,"Arizona law schools and courts are deploying AI to train lawyers and expand access to justice, setting a national standard for the profession.",,,,,2026-10-02 09:15:07.452215
,Affordability Crisis,2026-10-02 11:51:18+00:00,The Baylor Lariat - The official student news source,Waco is getting wealthier — but housing is getting harder to afford - The Baylor Lariat,,,,,,https://baylorlariat.com/2026/10/02/waco-is-getting-wealthier-but-housing-is-getting-harder-to-afford/,"For many Waco residents, finding an affordable place to live is becoming increasingly difficult as housing prices rise faster than incomes and the supply of affordable homes remains limited, but one nonprofit is working to fight this crisis.",,https://baylorlariat.com/wp-content/uploads/2026/10/IMG_2003-1.jpeg,,,2026-10-02 11:22:15.357810
,Access to Justice,2026-10-02 11:03:41+00:00,rozenberg.substack.com,Just for show?,,,,,,https://rozenberg.substack.com/p/just-for-show-104,The lord chancellor’s duty to defend judicial independence,,"https://substackcdn.com/image/fetch/$s_!O0My!,w_1200,h_675,c_fill,f_jpg,q_auto:good,fl_progressive:steep,g_auto/https%3A%2F%2Fsubstack-post-media.s3.amazonaws.com%2Fpublic%2Fimages%2F6c6ecfa8-26e3-466f-8315-617910330c96_2100x1326.jpeg",,,2026-10-02 09:15:07.452215
,Affordability Crisis,2026-10-02 09:32:33+00:00,www.crainsnewyork.com,Editorial: Building more housing should not be a punishment - Crain's New York Business,,,,,,https://www.crainsnewyork.com/opinion/editorials/cny-editorial-12-districts-housing-20261001/,... affordability crisis. (Bloomberg). CN. By. Crain's New York Business ... affordable housing throughout the city during the past five years. The ...,,,,,2026-10-02 11:22:15.357810
,Access to Justice,2026-10-02 04:15:52+00:00,Welcome to San Bernardino County,Mobile Defense Program will bring free legal assistance to Hesperia on Oct. 14 - Welcome to San Bernardino County,,,,,,https://main.sbcounty.gov/2026/10/01/mobile-defense-program-will-bring-free-legal-assistance-to-hesperia-on-oct-14/,"The Public Defender’s Mobile Defense Program is coming to Hesperia on Oct. 14. The San Bernardino County Public Defender’s Office will bring its Mobile Defense Program to Hesperia on Wednesday,...",,https://main.sbcounty.gov/wp-content/uploads/sites/80/mobile-defense-rv-unit.jpg,,,2026-10-02 09:15:07.452215
,Access to Justice,2026-10-02 03:06:35+00:00,www.psca.org,"Retirement Bills Target Rollovers, Arbitration, ERISA Suits",,,,,,https://www.psca.org/news/psca-news/2026/9/retirement-bills-target-rollovers-arbitration-erisa-suits/,"... Access to Justice Act. ad space. Workers' Retirement Savings Protection ... Employee and Retiree Access to Justice Act. The second bill, the ...",,,,,2026-10-02 09:15:07.452215
,Affordability Crisis,2026-10-02 01:08:29+00:00,KATV,Little Rock summit tackles Arkansas housing crisis as leaders push new building policies,,,,,,https://katv.com/news/local/little-rock-summit-tackles-arkansas-housing-crisis-as-leaders-push-new-building-policies-delta-up-for-growth-action-shortages-renters-homeowners-issues-legislator,Conversations about the housing crisis in Arkansas took place in Little Rock today and what can be done to solve this issue that has affected the states for dec,,https://katv.com/resources/media2/16x9/1280/1320/center/90/a875b636-63b6-4841-8cac-0e88bb7e68af-PHOUSINGBILL.transfer_frame_261.jpeg,,,2026-10-02 02:14:00.690375
,Affordability Crisis,2026-10-02 00:01:18+00:00,AppleValleyNewsNow.com,State and local lawmakers tour Tri-Cities to examine housing affordability crisis,,,,,,https://www.applevalleynewsnow.com/news/state-and-local-lawmakers-tour-tri-cities-to-examine-housing-affordability-crisis/article_2f32ad21-fef6-4931-9f4e-1f9e09b5af35.html,The Brief,,https://bloximages.newyork1.vip.townnews.com/applevalleynewsnow.com/content/tncms/assets/v3/editorial/8/e9/8e902de5-01f4-41fe-a36e-83ae016362bf/6abeee09c2fc3.image.png?crop=1920%2C1008%2C0%2C35&resize=1200%2C630&order=crop%2Cresize,,,2026-10-02 02:14:00.690375
,Access to Justice,2026-10-01 22:57:22+00:00,Sokolove Law,Rural Lawyer Shortage Solved by National Law Firms,,,,,,https://www.sokolovelaw.com/blog/rural-lawyer-shortage-national-law-firms/,Millions of Americans live in rural areas without a local lawyer. National law firms can help ensure families get experienced representation.,,https://www.sokolovelaw.com/wp-content/uploads/legal-desserts.jpg,,,2026-10-02 02:14:00.690375
,Affordability Crisis,2026-10-01 22:37:21+00:00,www.tiktok.com,"The housing crisis is a symptom of the affordability crisis, and t... | staten island nyc | TikTok",,,,,,https://www.tiktok.com/@1010wins923/video/7691771273663286541,"206 Likes, 28 Comments. TikTok video from 1010 WINS on 92.3 FM (@1010wins923): “🏘️ The housing crisis is a symptom of the affordability crisis, ...",,,,,2026-10-02 02:14:00.690375
,Affordability Crisis,2026-10-01 19:30:46+00:00,WHYY,Philly tenants are waging a war against ‘junk’ fees. City Council may help,,,,,,https://whyy.org/articles/philadelphia-city-council-junk-fees-legislation-renters/,The fight is part of the “End Rental Ripoffs” campaign launched by members of a citywide tenant union. It’s unclear when legislation will be introduced.,,https://d1fw4rghwibahr.cloudfront.net/wp-content/uploads/2026/10/philly-tenants-campaign-am-100126-01.jpeg,,,2026-10-01 17:19:32.677516
,Affordability Crisis,2026-10-01 18:52:56+00:00,www.facebook.com,"The housing crisis is a symptom of the affordability crisis, and to solve it, Mayor Zohran Mamdani ...",,,,,,https://www.facebook.com/1010wins/posts/️-the-housing-crisis-is-a-symptom-of-the-affordability-crisis-and-to-solve-it-ma/1752724536860568/,"The housing crisis is a symptom of the affordability crisis, and to solve it, Mayor Zohran Mamdani says all corners of the city need to step up.",,,,,2026-10-01 16:25:18.643012
,Affordability Crisis,2026-10-01 18:52:33+00:00,www.nyc.gov,Mamdani Administration Puts 12 Neighborhoods on Fast Track for Affordable Housing,,,,,,https://www.nyc.gov/mayors-office/news/2026/10/mamdani-administration-puts-12-neighborhoods-on-fast-track-for-a,"“New York's housing crisis is not going to be solved by asking the same neighborhoods to do all the building,” said Mayor Mamdani. “Every New Yorker ...",,,,,2026-10-01 16:25:18.643012
,Middle Class Affordability,2026-10-01 18:00:16+00:00,The Milwaukee Courier,70% of Consumers Struggle With Multiple Affordability Issues,,,,,,https://milwaukeecourier.com/news/2026/10/01/70-of-consumers-struggle-with-multiple-affordability-issues,"As the nation’s affordability crisis continues, a growing body of new research finds that rising gas and grocery costs are but two of many factors causing consumers’ financial stress.",,https://civicmedia.us/assets/i/Centur.2e16d0ba.fill-1200x630.format-jpeg.bgcolor-ffffff.jpg,,,2026-10-01 14:23:57.933342
,Affordability Crisis,2026-10-01 16:24:17+00:00,YouTube,Becerra and Hilton face off in California governor debate,,,,,,https://www.youtube.com/watch?v=Wt5K76kyus8,"Democrat Xavier Becerra and Republican Steve Hilton debated immigration, affordability and more in their televised debate for the California gubernatorial co...",,https://i.ytimg.com/vi/Wt5K76kyus8/maxresdefault.jpg,,,2026-10-01 14:23:57.933342
,Affordable Justice,2026-10-01 16:13:53+00:00,The City Reporter,The 12 Neighborhoods the Mamdani Administration Is Targeting for More Affordable Housing,,,,,,https://www.thecityreporter.nyc/2026/10/01/affordable-housing-development-community-districts-mamdani/,The city Planning Department’s new list of districts with weak records on housing includes the Upper East Side and several neighborhoods in Queens and Staten Island.,,https://i0.wp.com/www.thecityreporter.nyc/wp-content/uploads/2026/09/093026_upper_east_side_buildings-2.jpg?fit=2048%2C1365&ssl=1,,,2026-10-01 14:23:57.933342
,Affordability Crisis,2026-10-01 15:30:39+00:00,www.facebook.com,"20 reactions · 4 comments | We have a housing and affordability crisis. 

Grateful to Habitat for Humanity for its work creating more safe and affordable homes. Thank you for the chance to tour one of your building sites! 🏡 🔨 | Rep. Kelly Morrison",,,,,,https://www.facebook.com/repkellymorrison/videos/we-have-a-housing-and-affordability-crisis-grateful-to-habitat-for-humanity-for-/1507981684470423/,"We have a housing and affordability crisis. 

Grateful to Habitat for Humanity for its work creating more safe and affordable homes. Thank you for the chance to tour one of your building sites! 🏡 🔨",,https://scontent-iad6-1.xx.fbcdn.net/v/t51.82787-15/832527446_17941857654357022_6589018901480894964_n.jpg?_nc_cat=109&ccb=1-7&_nc_sid=a27664&_nc_ohc=HvTBeE9S8loQ7kNvwGTRbk5&_nc_oc=AdrXJo7gwfu_f5bvVteAxQr9U9QIBGRZQ07cl7uXNF0DTLSUo9F45qmpqJ8pvOSLDsk&_nc_zt=23&_nc_ht=scontent-iad6-1.xx&_nc_gid=i987FnMDQHPbH-z7r6oFyw&_nc_ss=7020f&oh=00_AQN84P5xI9QSl4kiHYA4E96wHKWUDnnG_zgWKcIxqF5yrA&oe=6AC4879F,,,2026-10-01 16:25:18.643012
,Affordability Crisis,2026-10-01 15:06:34+00:00,The Nevada Independent,'Nevadans are getting hosed': Why affordability is 2026's buzzword - The Nevada Independent,,,,,,https://thenevadaindependent.com/article/nevadans-are-getting-hosed-why-affordability-is-2026s-buzzword,"Rising fuel, grocery and housing costs have created a crisis for state residents and will play a major role in determining the next governor.",,https://storage.googleapis.com/cdn.thenevadaindependent.com/2026/05/c5c945dc-aaron-ford-051426-4-scaled.jpg,,,2026-10-01 16:25:18.643012
,Affordable Justice,2026-10-01 15:05:32+00:00,stateline.org,Voters to weigh different approaches to housing affordability in November - Stateline.org,,,,,,https://stateline.org/2026/10/01/voters-to-weigh-different-approaches-to-housing-affordability-in-november/,"... affordable homes. The six measures across California, Hawaii ... Criminal Justice · ABOUT · SUBSCRIBE · DONATE · Stateline Home Part of States ...",,,,,2026-10-01 14:23:57.933342
,Affordable Justice,2026-10-01 15:03:44+00:00,nextcity.org,Will the ROAD to Housing Act Actually Boost America’s Housing Supply?,,,,,,https://nextcity.org/urbanist-news/will-the-road-to-housing-act-actually-boost-americas-housing-supply,"With HUD gutted and many provisions contingent on future congressional funding, experts say the law's ambitions may outpace its implementation.",,https://nextcity.org/images/daily/_resized/avel-chuklanov-IB0VA6VdqBw-unsplash.jpg,,,2026-10-01 14:23:57.933342
,Access to Justice,2026-10-01 14:40:08+00:00,www.isba.org,Access to Justice Commission Seeks Nominations for Colman and Kilbride Awards,,,,,,https://www.isba.org/barnews/2026/10/accesstojusticecommissionseeksnominationsforcolman,"The Illinois Supreme Court Commission on Access to Justice (ATJ Commission) released a call for nominations today for two awards, the Jeffrey D.",,,,,2026-10-01 14:23:57.933342
,Affordability Crisis,2026-10-01 13:52:27+00:00,www.europarl.europa.eu,Combating the cost-of-living crisis and soaring housing prices | 05-10-2026 | News | European Parliament,,,,,,https://www.europarl.europa.eu/news/en/agenda/plenary-news/2026-10-05/3/combating-the-cost-of-living-crisis-and-soaring-housing-prices,"On Tuesday, MEPs will discuss ways to make housing affordable, followed on Wednesday by a debate with Commission and Council representatives on the current cost-of-living crisis. ",,https://www.europarl.europa.eu/news/img/meta-facebook.jpg,,,2026-10-01 14:23:57.933342
,Legal Aid with Legal Fees,2026-10-01 13:02:29+00:00,Minnesota Family Law,What If You Can’t Afford A Divorce Lawyer?,,,,,,https://minnfamilylaw.com/divorce/what-if-you-cant-afford-a-divorce-lawyer/,"Most divorce lawyers won’t tell you this,but sometimes you don’t need one. MN family attorney breaks down your options when you can’t afford legal help, including Legal Aid, EAP programs, and when going it alone makes sense.",,https://minnfamilylaw.com/wp-content/uploads/2024/04/Expensive-divorce.webp,,,2026-10-02 02:14:00.690375
,Access to Justice,2026-10-01 12:45:42+00:00,The Law School,"Notre Dame Exoneration Justice Clinic continues annual summer internship program with students from Notre Dame, St. Olaf College, Kenya, and Mexico | The Law School | University of Notre Dame",,,,,,https://law.nd.edu/news-events/news/notre-dame-exoneration-justice-clinic-continues-annual-summer-internship-program-with-students-from-notre-dame-st-olaf-college-kenya-and-mexico/,"This summer, the Notre Dame Exoneration Justice Clinic (EJC) welcomed a diverse cohort of 14 student interns from the University of Notre Dame, St. Olaf College, Strathmore Law School in Nairobi, Kenya, and the National Autonomous University of Mexico (UNAM) in Mexico City, Mexico. The interns worked primarily on intake cases, allowing them to review several requests for legal representation and make recommendations on whether to accept or reject cases based on a rigorous screening process. In addition, the interns were assigned to assist in ongoing EJC cases, providing them with a comprehensive understanding of the overall process of building a case.",,https://law.nd.edu/assets/680833/1600x630/img_9420_1_.jpg,,,2026-10-01 14:23:57.933342
,Access to Justice,2026-10-01 12:37:01+00:00,minnlawyer.com,Breaking the Ice: Family law attorney advocates systemic change - Minnesota Lawyer,,,,,,https://minnlawyer.com/2026/10/01/laura-dinakar-family-law-access-justice/,"There, she pursues “more systemic work of broadening access to justice for lots of people.” Dinakar relies every day on her background in social work, ...",,,,,2026-10-01 14:23:57.933342
,Middle Class Affordability,2026-10-01 10:05:51+00:00,Los Angeles Times,Your guide to Proposition 1: Borrowing money for low-income and veteran housing,,,,,,https://www.latimes.com/california/story/2026-10-01/2026-california-election-proposition-1-affordable-housing-voter-guide,Prop 1 guide: Lawmakers are asking voters to let the state borrow $11.25 billion to build and maintain housing low- and middle-income residents can afford.,,https://ca-times.brightspotcdn.com/dims4/default/f29c27f/2147483647/strip/true/crop/3000x1575+0+213/resize/1200x630!/quality/75/?url=https%3A%2F%2Fcalifornia-times-brightspot.s3.amazonaws.com%2Fb1%2Fdd%2F96a907744fb688a1c6b2171ed61c%2Fprop-1-veteran-housing-2026.png,,,2026-10-01 08:13:04.341357
,Middle Class Affordability,2026-10-01 10:05:50+00:00,Los Angeles Times,Your guide to Proposition 37: Loans for middle-income homeowners,,,,,,https://www.latimes.com/california/story/2026-10-01/2026-california-election-proposition-37-loans-middle-class-homeowners-voter-guide,"If passed by voters, Proposition 37 would create a down payment loan program for middle-income homebuyers. The state's housing finance agency would loan up to 17% of a home sale price.",,https://ca-times.brightspotcdn.com/dims4/default/9e07c5d/2147483647/strip/true/crop/3000x1575+0+213/resize/1200x630!/quality/75/?url=https%3A%2F%2Fcalifornia-times-brightspot.s3.amazonaws.com%2F0f%2Ff7%2F30cc215c4cd2b493a94ab551511e%2Fprop37-home-loan-midterms26.jpg,,,2026-10-01 08:13:04.341357
,Affordability Crisis,2026-10-01 10:01:15+00:00,The Jersey Vindicator,NJ nonprofits sue Trump administration over housing counseling cuts • Jersey Vindicator,,,,,,https://jerseyvindicator.org/2026/10/01/nj-nonprofits-sue-trump-administration-over-housing-counseling-cuts/,"The plaintiffs say the loss of federal funding threatens help for homebuyers, renters, and families facing foreclosure.",,https://jerseyvindicator.org/wp-content/uploads/2025/07/Housing_Jersey_City053-1-1024x683.jpg,,,2026-10-01 08:13:04.341357
,Affordability Crisis,2026-10-01 05:32:38+00:00,Los Angeles Times,"Becerra and Hilton square off over housing crisis, AI and immigration in CNN debate",,,,,,https://www.latimes.com/california/live/governor-cnn-debate-becerra-hilton,"Democrat Xavier Becerra and Republican Steve Hilton square off over affordability, AI data centers and Trump. Here are the top takeaways.",,https://ca-times.brightspotcdn.com/dims4/default/02a3534/2147483647/strip/true/crop/3000x1575+0+713/resize/1200x630!/quality/75/?url=https%3A%2F%2Fcalifornia-times-brightspot.s3.amazonaws.com%2F9c%2F88%2Fcead6a1644e397f9b053597af8d5%2Fla-pol-becerra-hilton-dptych.jpg,,,2026-10-01 04:07:05.694618
,Access to Justice,2026-10-01 04:27:02+00:00,www.reuters.com,Public Interest Profile | Practical Law The Journal | Reuters,,,,,,https://www.reuters.com/practical-law-the-journal/legalindustry/public-interest-profile-2026-10-01/,"... Interest Profile · October 2026. Public Interest Profile. Fatima Goss Graves, National Women's Law Center. Civil Rights · Access to Justice · Public ...",,,,,2026-10-01 04:07:05.694618
,Access to Justice,2026-10-01 04:27:02+00:00,www.reuters.com,View from the Bench | Practical Law The Journal | Reuters,,,,,,https://www.reuters.com/practical-law-the-journal/litigation/view-bench-2026-10-01/,"October 2026. View from the Bench. US District Judge John C. Coughenour, Western District of Washington. Judiciary · Litigation · Access to Justice ...",,,,,2026-10-01 04:07:05.694618
,Access to Justice,2026-10-01 02:06:32+00:00,The Star Democrat,OPINION: Justice shouldn't depend on a person's ability to pay,,,,,,https://www.stardem.com/opinion/columns/opinion-justice-shouldnt-depend-on-a-persons-ability-to-pay/article_45d7fb51-1e4b-4b89-bd9c-70ee546d1338.html,"For 20 years, Shore Legal Access has worked toward a simple, but essential goal: making sure people on Maryland’s Eastern Shore do not have to face serious civil legal problems",,https://bloximages.chicago2.vip.townnews.com/stardem.com/content/tncms/assets/v3/editorial/f/19/f19c381d-735e-40f2-9dec-876ed75797bd/6abdbd0018e91.image.jpg?crop=1763%2C926%2C0%2C124&resize=1200%2C630&order=crop%2Cresize,,,2026-10-01 00:07:46.286385
,Middle Class Affordability,2026-10-01 00:15:20+00:00,X (formerly Twitter),CommonWealth Beacon (@CWBeacon) on X,,,,,,https://x.com/CWBeacon/status/2105345988244259081,"What does it take to be ""middle class"" in Massachusetts? As affordability concerns take over the state, the barriers extend beyond income, according to a new report from the Federal Reserve Bank of Boston.",,https://pbs.twimg.com/ext_tw_video_thumb/2105345940982829056/pu/img/zeGhKCrav3PdqsjV?format=webp&name=large,,,2026-10-01 06:06:48.218299
,Affordability Crisis,2026-10-01 00:09:35+00:00,www.facebook.com,Members of Philadelphia City Council are looking at ways to help ease the city's affordability ...,,,,,,https://www.facebook.com/nbcphiladelphia/posts/members-of-philadelphia-city-council-are-looking-at-ways-to-help-ease-the-citys-/1480353154240479/,It's critical to rethink the way we use our funds to address the affordable housing crisis. ... Join us on September 14th at City Hall (9-11am) for the ...,,,,,2026-10-01 00:07:46.286385
,Affordability Crisis,2026-09-30 23:32:56+00:00,NACA,40+ Groups to Senate: Federal Courts Are an Affordability Issue - NACA,,,,,,https://www.consumeradvocates.org/news/40-groups-to-senate-federal-courts-are-an-affordability-issue/,"40+ Groups to Senate: Federal Courts Are an Affordability Issue WASHINGTON — A coalition of more than 40 organizations on Tuesday urged senators to confront the role the federal courts are playing in the nation’s affordability crisis, drawing a connection between the anti-consumer and anti-worked records of many judicial nominees…",,https://www.consumeradvocates.org/wp-content/uploads/2021/11/NACA-Open-Graph.png,,,2026-09-30 22:12:21.527411
,Affordable Justice,2026-09-30 23:08:36+00:00,ABA Banking Journal,ABA releases new ad encouraging Sen. Sullivan to keep fighting for affordability,,,,,,https://bankingjournal.aba.com/2026/09/aba-releases-new-ad-encouraging-sen-sullivan-to-keep-fighting-for-affordability/,The American Bankers Association has released a new ad applauding Senator Dan Sullivan’s (R-Alaska) work to advance policies that make,,https://bankingjournal.aba.com/wp-content/uploads/2026/09/sullivan-alaska-ad-2.png,,,2026-09-30 21:10:49.544508
,Access to Justice,2026-09-30 21:54:36+00:00,Law.com,Calls for FCA Regulation of Litigation Funding Misunderstand the Sector | Law.com,,,,,,https://www.law.com/international-edition/2026/09/30/calls-for-fca-regulation-of-litigation-funding-misunderstand-the-sector/,A tailored regulatory framework for litigation funding—not repurposing the FCA's consumer-focused regime—is needed to preserve access to justice while maintaining high industry standards.,,https://images.law.com/brightspot/3f/6a/fc608cb84432b77986fff5729349/lordcarlile-png767x505.jpg,,,2026-09-30 19:11:34.519240
,Affordable Justice,2026-09-30 20:24:15+00:00,Michigan Public,Health care affordability tops survey of Michigan small business owners ahead of midterm elections,,,,,,https://www.michiganpublic.org/politics-government/2026-09-30/health-care-affordability-tops-survey-of-michigan-small-business-owners-ahead-of-midterm-elections,Taxes and workforce availability were also high on the list.,,https://npr.brightspotcdn.com/dims4/default/94220ce/2147483647/strip/true/crop/2560x1344+0+288/resize/1200x630!/quality/90/?url=http%3A%2F%2Fnpr-brightspot.s3.amazonaws.com%2F2e%2F91%2F57ae2b2241aeb92135e1d36a697a%2F0805251204.JPG,,,2026-09-30 21:10:49.544508
,Affordability Crisis,2026-09-30 20:03:09+00:00,Stop Surprise Bills,"Latest CASMB Ad Campaign Calls on Congress & White House to Tackle IDR Affordability Crisis Facing Employers, Consumers - Stop Surprise Bills",,,,,,https://stopsurprisebillingnow.com/latest-casmb-ad-campaign-calls-on-congress-white-house-to-tackle-idr-affordability-crisis-facing-employers-consumers/,"No one likes surprises. We’re working to protect patients, families, employers and taxpayers from costly and unfair surprise medical bills.",,https://storage.googleapis.com/cision-attachments-uk/7j67scjxo7wi35rwbw85myxluj78,,,2026-09-30 20:15:11.700803
,Affordable Justice,2026-09-30 20:02:03+00:00,thehill.com,The affordability illusion - The Hill,,,,,,https://thehill.com/opinion/finance/6118764-inflation-vs-affordability-gap/,"Justice says he supports Trump, ICE: 'Some are twisting my words' ... The affordability illusion. Comments: by Sheldon H. Jacobson, opinion ...",,,,,2026-09-30 17:17:37.890264
,Access to Justice,2026-09-30 19:30:53+00:00,Wisconsin Justice Initiative Inc.,"When measuring progress for women in the law, the question is ""who gets the client?""",,,,,,https://www.wjiinc.org/blog/when-measuring-progress-for-women-in-the-law-the-question-is-who-gets-the-client,"By Erik Reinthaler WJI Intern The American Bar Association has dubbed 2016 to 2026 the “Decade of the Female Lawyer,” but guest speaker Afra Afsharipour began her lecture at Marquette University...",,http://www.wjiinc.org/uploads/6/1/2/9/61290857/published/1449506761.png?1670791242,,,2026-09-30 19:11:34.519240
,Access to Justice,2026-09-30 18:43:09+00:00,Harvard Law School Center on the Legal Profession,A Bridge or Substitute for Justice - Harvard Law School Center on the Legal Profession,,,,,,https://clp.law.harvard.edu/article/a-bridge-or-substitute-for-justice/,"On Zoom, Gerald Abila turns his computer screen around, unblurs the background, and asks, “Do you see? There’s Winnie.” Abila sits in Kampala, Uganda, where he runs an NGO, BarefootLaw, trying to reimagine how to deliver legal access to remote populations across his country. Behind him is a desk mounted with a digital tablet, a corded […]",,https://clp.law.harvard.edu/wp-content/uploads/2026/09/bridge-e1790357016987.jpg,,,2026-09-30 19:11:34.519240
,Access to Justice,2026-09-30 18:43:08+00:00,Harvard Law School Center on the Legal Profession,Redesigning 19th-Century Institutions for 21st-Century Problems - Harvard Law School Center on the Legal Profession,,,,,,https://clp.law.harvard.edu/article/redesigning-19th-century-institutions-for-21st-century-problems/,"David B. Wilkins, faculty director of the Center on the Legal Profession, sat down with Richard Susskind, the profession’s leading scholar on AI and law, to talk about the future of the profession. David B. Wilkins: As we celebrate the 30th anniversary of your pioneering book, The Future of Law, and you rerelease it with additional reflection […]",,https://clp.law.harvard.edu/wp-content/uploads/2022/10/microphone_edit-e1706034245864.jpg,,,2026-09-30 17:17:37.890264
,Access to Justice,2026-09-30 18:36:59+00:00,Nevada Business Magazine,Free Legal Help Sessions Offered Throughout Nevada in October,,,,,,https://nevadabusiness.com/2026/09/free-legal-help-sessions-offered-throughout-nevada-in-october/,"Thousands of Legal Questions will be Answered by Lawyers in Las Vegas, Reno, Carson City, Goldfield, Pahrump, and by Phone and Virtually Throughout Nevada  As a part of the American Bar Association’s Celebrate Pro Bono",,https://nevadabusiness.com/wp-content/uploads/2026/09/Access-to-Justice.png,,,2026-09-30 15:19:39.268926
,Access to Justice,2026-09-30 18:20:21+00:00,2 News Nevada,Free legal help will be available in Northern Nevada in October,,,,,,http://www.ktvn.com/news/local/free-legal-help-will-be-available-in-northern-nevada-in-october/article_82c445e1-c266-4b7f-856d-5d6fcf03aacc.html,"Nevada lawyers will offer free legal help in October, with sessions planned in Northern Nevada and beyond.",,https://bloximages.newyork1.vip.townnews.com/2news.com/content/tncms/assets/v3/editorial/8/45/845e49cd-04a6-4cb9-837f-a277dd5caf44/6abd5004a4f01.image.jpg?crop=1279%2C672%2C0%2C47&resize=1200%2C630&order=crop%2Cresize,,,2026-09-30 15:19:39.268926
,Access to Justice,2026-09-30 18:07:17+00:00,World Justice Project,Rule of Law Reforms to Results: Outcome-Based Evidence,,,,,,https://worldjusticeproject.org/news/rule-of-law-reforms-to-results-moldova,"WJP Rule of Law Index data reveals why legal reforms must be measured by ground-level outcomes, featuring Moldova's EU accession case study.",,https://worldjusticeproject.org/sites/default/files/images/2026/eu_roli_moldova_WJP_thumb_0.jpg,,,2026-09-30 19:11:34.519240
,Affordability Crisis,2026-09-30 18:06:20+00:00,www.washingtonpost.com,The affordability illusion - The Washington Post,,,,,,https://www.washingtonpost.com/ripple/2026/09/30/inflation-vs-affordability-gap/?itid=hp_brand_promo_1,The affordability illusion. The annual inflation rate of 3.4 percent ... We see this crisis most acutely in the housing market. Shelter has ...,,,,,2026-09-30 16:17:36.941380
,Access to Justice,2026-09-30 17:55:07+00:00,nvbar.org,Supreme Court to Hold Public Hearing on Out-of-State Attorneys - State Bar of Nevada,,,,,,https://nvbar.org/supreme-court-to-hold-public-hearing-on-out-of-state-attorneys/,Access To Justice Commission · Annual Reports · Find a Lawyer · Law Related Education · Lawyer Referral Service · Legal Information Brochures ...,,,,,2026-09-30 15:19:39.268926
,Access to Justice,2026-09-30 17:36:10+00:00,libn.com,Hofstra Law launches $2M legal tech and innovation institute in Hempstead,,,,,,https://libn.com/2026/09/30/hofstra-law-launches-legal-tech-innovation-institute-hempstead/,"Samuel Ramos donates $1 million to the institute; Focus on emerging technologies such as AI and digital assets, and access to justice. The Maurice A.",,,,,2026-09-30 14:15:35.600611
,Affordability Crisis,2026-09-30 17:07:51+00:00,MinnPost,Paychecks aren’t going as far. More Americans say they trust Democrats to help.,,,,,,https://www.minnpost.com/economy/2026/09/paychecks-arent-going-as-far-more-americans-say-they-trust-democrats-to-help/,"People, especially women, are stressed about paying for everything, according to a new poll from The 19th and YouGov.",,https://www.minnpost.com/wp-content/uploads/2026/09/Untitled-design-2026-09-30T115625.785.jpg,,,2026-09-30 13:23:49.482301
,Access to Justice,2026-09-30 16:55:01+00:00,Administrative Office of the Illinois Courts,An Announcement on Housing Justice in Illinois,,,,,,https://www.illinoiscourts.gov/News/1811/An-Announcement-on-Housing-Justice-in-Illinois/news-detail/,A Swahili folktale tells of a poor man who owned almost nothing except a...,,https://ilcourtsaudio.blob.core.windows.net/antilles-resources/resources/d590ff4d-7a34-4b61-9c6e-054a99284f8e/courts-og-image.jpg ,,,2026-09-30 17:17:37.890264
,Affordability Crisis,2026-09-30 15:51:28+00:00,X (formerly Twitter),Economic Security Project (@EconomicSecProj) on X,,,,,,https://x.com/EconomicSecProj/status/2105321397442560164,"🚨California just took a major step toward tackling corporate power and the affordability crisis.

Gov. Newsom signed a new law updating California’s antitrust laws for the first time in more than a century, following a multi-year campaign led in part by our affiliate, @ESP_Action, alongside a broa…",,https://pbs.twimg.com/media/HTeapmxXAAEzA0Q?format=webp&name=large,,,2026-09-30 13:23:49.482301
,Affordability Crisis,2026-09-30 13:36:26+00:00,Jersey Digs,"New Report Says N.J. Needs More Affordable Homes for Sale, Not Just Buyer Assistance | Jersey Digs",,,,,,https://jerseydigs.com/nj-needs-more-affordable-homes/,Saving enough for a down payment is only one hurdle facing New Jersey homebuyers. A new report argues that even generous assistance does little when the homes themselves have become unaffordable.,,https://jerseydigs.com/wp-content/uploads/2023/06/new-jersey-home-prices.jpg,,,2026-09-30 15:19:39.268926
,Affordable Justice,2026-09-30 12:32:20+00:00,Insider NJ,The Housing Crisis Is Real. The Question Is Whether the Response Will Produce Justice. - Insider NJ,,,,,,https://www.insidernj.com/the-housing-crisis-is-real-the-question-is-whether-the-response-will-produce-justice/,"By Rev. Dr. Charles Franklin Boyer Yesterday, Governor Mikie Sherrill unveiled a major housing strategy intended to address New Jersey’s affordability crisis. The administration’s report concludes that New Jersey must build hundreds of thousands of additional homes in the coming years if the state hopes to keep pace with demand, reduce costs, and remain economically competitive.[...]",,https://www.insidernj.com/wp-content/uploads/2025/11/fr-charles-boyer-new.webp,,,2026-09-30 12:21:59.566847
,Affordable Justice,2026-09-30 12:28:29+00:00,https://www.wwnytv.com,"USDA, HUD sign agreement to streamline affordable housing process",,,,,,https://www.wwnytv.com/2026/09/30/usda-hud-sign-agreement-streamline-affordable-housing-process/,"The U.S. Department of Agriculture (USDA) and the Department of Housing and Urban Development (HUD) signed a memorandum of understanding (MOU) Tuesday, officials say will make the homeownership process easier.",,https://gray-wwny-prod.gtv-cdn.com/resizer/v2/E4ENHQU4JZDVRPDTVOSWRZLA5Y.png?auth=cf50ca5fcbb0fd8227a9dc64803e5dd727a2edd903f8fec57d0c79ee7956e455&width=1200&height=600&smart=true,,,2026-09-30 15:19:39.268926
,Access to Justice,2026-09-30 12:12:38+00:00,goldrushcam.com,Governor Gavin Newsom Signs State Senator Eloise Gómez Reyes Measure Protecting ...,,,,,,https://goldrushcam.com/sierrasuntimes/index.php/news/local-news/82088-governor-gavin-newsom-signs-state-senator-eloise-gomez-reyes-measure-protecting-californians-from-ice-arrests-at-courthouses-senator-reyes-says-no-victim-witness-or-family-member-should-have-to-choose-between-seeking-justice-and-risking-civil-arrest,SB 873 safeguards access to justice by strengthening protections against civil immigration arrests at California courthouses.,,,,,2026-09-30 12:21:59.566847
,Access to Justice,2026-09-30 11:33:14+00:00,www.startribune.com,Olson: An exit interview with Chief Justice Natalie Hudson - Star Tribune,,,,,,https://www.startribune.com/mn-chief-justice-retirement-legal-career/601893193,"“One of the things it has done, and which is why I am so proud of it ... is there has been a geographical access-to-justice issue, particularly in ...",,,,,2026-09-30 12:21:59.566847
,Affordability Crisis,2026-09-30 11:14:02+00:00,THIRTEEN - New York Public Media,"September 29, 2026 - PBS News Hour full episode | PBS News Hour",,,,,,https://www.thirteen.org/programs/pbs-newshour/september-29-2026-pbs-news-hour-full-episode-1790654401/,"September 29, 2026 - PBS News Hour full episode",,https://image.pbs.org/video-assets/yILkzrd-asset-mezzanine-16x9-YfXSKfN.jpg?crop=1920x1080&format=jpg,,,2026-09-30 12:21:59.566847
,Affordable Justice,2026-09-30 10:35:27+00:00,Washington Examiner,Republicans worry they’ve ‘glossed over’ affordability concerns,,,,,,https://www.washingtonexaminer.com/news/campaigns/congressional/4747702/republicans-worry-they-have-glossed-over-voter-affordability-concerns/,"The anxieties offer a preview of the potential Monday-morning quarterbacking of the midterm elections, in which the GOP acknowledges it could lose Congress.",,"https://www.washingtonexaminer.com/wp-content/uploads/2026/09/AP25064142540866.jpg?resize=1200,683",,,2026-09-30 12:21:59.566847
,Affordability Crisis,2026-09-30 10:23:44+00:00,The Somerville Times,,,,,,,https://www.thesomervilletimes.com/archives/150852,"By Harry Kane City Councilors Jon Link and Wilfred Mbah advocated in support of a proposed housing initiative filed as Bill S.1430, known as “Yes in God’s Backyard” legislation, during the September 24 City Council meeting.",,http://www.thesomervilletimes.com/wp-content/uploads/2020/02/times_general_1.jpg,,,2026-09-30 12:21:59.566847
,Affordability Crisis,2026-09-30 10:01:32+00:00,Ideastream Public Media,"For Northeast Ohioans, affordability is on the ballot",,,,,,https://www.ideastream.org/government-politics/2026-09-30/for-northeast-ohioans-affordability-is-on-the-ballot,Affordability is a big concern for many Northeast Ohioans. How will it affect their votes come election season?,,https://npr.brightspotcdn.com/dims4/default/7061394/2147483647/strip/true/crop/4032x2117+0+454/resize/1200x630!/quality/90/?url=http%3A%2F%2Fnpr-brightspot.s3.amazonaws.com%2Ff0%2F78%2Fc10e1a92419e990a3f259da08a66%2Fimg-0766.jpeg,,,2026-09-30 12:21:59.566847
,Access to Justice,2026-09-30 09:06:26+00:00,Maryland Daily Record,"To defend due process, MD must lead the charge",,,,,,https://thedailyrecord.com/2026/09/30/maryland-leads-efforts-defend-due-process-immigration/,Commentary: Maryland increases legal support and partnerships to protect due process rights for immigrants facing unlawful detention and deportation.,,https://thedailyrecord.com/files/2026/09/Wes-Moore.jpg,,,2026-09-30 12:21:59.566847
,Legal Aid with Legal Fees,2026-09-29 20:25:21+00:00,Divorce on a Budget: Can You Use Legal Aid? | Stik N Stein,Divorce on a Budget: Can You Use Legal Aid? | Stik N Stein,,,,,,https://www.stiknstein.com/divorce-on-a-budget-can-you-use-legal-aid.php,Explore affordable divorce options with our guide on accessing legal aid. Navigate your separation without breaking the bank.,,3397,,,2026-09-30 13:23:49.482301
